date,close,high,low,open,volume,ticker,date_only,daily_return,headline_count,news_volume_log
2020-01-02,152.15838623046875,152.2625919076215,149.9890318942147,150.4153225898607,22622100,MSFT,2020-01-02,,0,0.0
2020-01-03,150.2637939453125,151.5237304428571,149.7332974105456,149.9796096980777,21116200,MSFT,2020-01-03,-0.012451448336778359,3,1.3862943611198906
2020-01-06,150.65216064453125,150.718479922249,148.26491238072057,148.80489122518964,20813700,MSFT,2020-01-06,0.0025845660423036154,1,0.6931471805599453
2020-01-07,149.27853393554688,151.2584272318134,149.03223619242732,150.92687424549183,21634100,MSFT,2020-01-07,-0.00911786928981051,1,0.6931471805599453
2020-01-08,151.6563262939453,152.32892928184137,149.6290637970409,150.55743255975017,27746500,MSFT,2020-01-08,0.015928561834785082,2,1.0986122886681096
2020-01-09,153.55093383789062,153.67408993395057,152.54677800677655,153.3141040869697,21385000,MSFT,2020-01-09,0.012492769607732157,2,1.0986122886681096
2020-01-10,152.8404541015625,154.62141856495847,152.68887958234973,154.24249672186824,20725900,MSFT,2020-01-10,-0.004626997170060876,1,0.6931471805599453
2020-01-13,154.6782684326172,154.70668685049705,152.7646797173632,153.23833928861814,21626500,MSFT,2020-01-13,0.012024397217725191,4,1.6094379124341003
2020-01-14,153.58883666992188,154.98139677965818,153.20043240422595,154.7824534261497,23477400,MSFT,2020-01-14,-0.007043211523730664,3,1.3862943611198906
2020-01-15,154.58349609375,155.30346773187313,154.00564542306233,154.0529998056212,21417900,MSFT,2020-01-15,0.006476117961396799,2,1.0986122886681096
2020-01-16,157.41600036621094,157.4823196362133,155.3887382345589,155.69188726038482,23865400,MSFT,2020-01-16,0.018323458480607124,6,1.9459101490553132
2020-01-17,158.29701232910156,158.6475157371676,156.71497686229213,158.60014689568655,34371700,MSFT,2020-01-17,0.005596711648377939,5,1.791759469228055
2020-01-21,157.72865295410156,159.32962477735774,157.6623336691409,157.89916347838133,29517200,MSFT,2020-01-21,-0.003590461794808708,5,1.791759469228055
2020-01-22,156.97076416015625,158.66647335945913,156.95181373171633,158.58120365895033,24138800,MSFT,2020-01-22,-0.004805016588621092,2,1.0986122886681096
2020-01-23,157.9370574951172,158.0128447653816,156.56344755206595,157.43497947769117,19680800,MSFT,2020-01-23,0.006155880938281122,3,1.3862943611198906
2020-01-24,156.3455810546875,158.7044114684961,155.78666610061498,158.685461033882,24918100,MSFT,2020-01-24,-0.010076649936819893,5,1.791759469228055
2020-01-27,153.73095703125,154.77301392246096,151.76053138101526,152.66048172072817,32078100,MSFT,2020-01-27,-0.01672336375482808,5,1.791759469228055
2020-01-28,156.74342346191406,157.0276076258131,154.4793314082179,155.15191986936853,24899900,MSFT,2020-01-28,0.01959570465727145,4,1.6094379124341003
2020-01-29,159.18748474121094,159.86008761817865,156.96129367549298,158.99802382465174,34754500,MSFT,2020-01-29,0.015592751678610295,9,2.302585092994046
2020-01-30,163.6777801513672,164.88087936173753,161.7926100859004,164.88087936173753,51597500,MSFT,2020-01-30,0.02820759067495837,8,2.1972245773362196
2020-01-31,161.2621307373047,163.31781150569444,160.6463790875127,163.1378330139446,36142700,MSFT,2020-01-31,-0.014758566567976028,3,1.3862943611198906
2020-02-03,165.1935577392578,165.3072314390198,161.4232162077576,161.4516346326981,30107000,MSFT,2020-02-03,0.024379108622577972,10,2.3978952727983707
2020-02-04,170.63111877441406,171.1237287743186,167.0218351658526,167.80811178619967,36433300,MSFT,2020-02-04,0.03291630200094686,4,1.6094379124341003
2020-02-05,170.4226837158203,174.49615834021887,169.0111876454054,174.3351158434909,39186300,MSFT,2020-02-05,-0.001221553606932102,1,0.6931471805599453
2020-02-06,173.9562225341797,174.13621548794777,170.5742861837626,171.43635009131322,27751400,MSFT,2020-02-06,0.02073397004034705,15,2.772588722239781
2020-02-07,174.20249938964844,175.85083973913436,172.86677606101028,173.21729393859556,33529100,MSFT,2020-02-07,0.001415740419520528,5,1.791759469228055
2020-02-10,178.7591094970703,178.89173359155058,173.59622334452445,173.90884037900125,35844300,MSFT,2020-02-10,0.02615697319720911,10,2.3978952727983707
2020-02-11,174.72354125976562,180.65375376260124,173.8330589718601,180.6063849154896,53159900,MSFT,2020-02-11,-0.022575455028046143,8,2.1972245773362196
2020-02-12,174.97933959960938,176.05928293291046,172.2700060504583,175.8035026959606,47062900,MSFT,2020-02-12,0.0014640176017464146,6,1.9459101490553132
2020-02-13,174.03199768066406,176.4192313976913,173.2362386533794,173.4351820239361,35295800,MSFT,2020-02-13,-0.005414021570278149,7,2.0794415416798357
2020-02-14,175.5856170654297,175.64245390384997,173.02784369696806,173.59624099105812,23149500,MSFT,2020-02-14,0.008927205372982083,6,1.9459101490553132
2020-02-18,177.36656188964844,177.81180305026547,175.727703793834,175.83190947940273,27792200,MSFT,2020-02-18,0.010142885584729422,17,2.8903717578961645
2020-02-19,177.8984832763672,178.75339330512708,177.1290613515988,178.63940916647175,29997500,MSFT,2020-02-19,0.002998994743156125,9,2.302585092994046
2020-02-20,175.18177795410156,177.87001544081576,172.02809549780588,177.5850405545757,36862400,MSFT,2020-02-20,-0.015271098843744446,8,2.1972245773362196
2020-02-21,169.6438446044922,174.30789026966164,168.37097302614455,173.99441929987273,48572600,MSFT,2020-02-21,-0.031612496540937784,4,1.6094379124341003
2020-02-24,162.32955932617188,165.80622141128146,155.0532703487702,159.36585498840046,68311100,MSFT,2020-02-24,-0.04311553593572959,6,1.9459101490553132
2020-02-25,159.65081787109375,166.0816754656081,159.25184432237913,165.4737357884397,68073300,MSFT,2020-02-25,-0.016501871046761596,2,1.0986122886681096
2020-02-26,161.64561462402344,164.58082272532707,159.7838056869428,161.20866567721745,56206100,MSFT,2020-02-26,0.012494748097941821,8,2.1972245773362196
2020-02-27,150.25619506835938,158.66287293546242,150.06621667754132,155.13872812835805,93174900,MSFT,2020-02-27,-0.07045919298308878,11,2.4849066497880004
2020-02-28,153.89437866210938,155.50923164149168,144.3858178493649,144.77528307354186,97012700,MSFT,2020-02-28,0.024213201938827256,4,1.6094379124341003
2020-03-02,164.13436889648438,164.25786140312832,154.17935094628967,157.02907098692916,71030800,MSFT,2020-03-02,0.066539079096956,5,1.791759469228055
2020-03-03,156.2691192626953,166.2336440588436,154.13182955336734,165.09375911275336,71677000,MSFT,2020-03-03,-0.04791957764037513,6,1.9459101490553132
2020-03-04,162.006591796875,162.1490720051714,157.32354419371018,160.049786299332,49814400,MSFT,2020-03-04,0.03671533161030194,3,1.3862943611198906
2020-03-05,157.94097900390625,162.31054079350352,157.39003142065653,157.7319983863141,47817300,MSFT,2020-03-05,-0.025095354132665393,1,0.6931471805599453
2020-03-06,153.47642517089844,154.93927504171984,148.18543814642317,154.46432171432747,72821100,MSFT,2020-03-06,-0.02826722906977419,1,0.6931471805599453
2020-03-09,143.07492065429688,149.84775902864055,142.48598322850134,143.435889783358,70419300,MSFT,2020-03-09,-0.06777265306394331,2,1.0986122886681096
2020-03-10,152.85897827148438,152.96346858405525,144.93676019104754,150.2372411030131,65354400,MSFT,2020-03-10,0.06838415546515053,5,1.791759469228055
2020-03-11,145.93414306640625,149.8002550593637,143.57836446468625,149.25881588095203,56371600,MSFT,2020-03-11,-0.045302116260252046,2,1.0986122886681096
2020-03-12,132.09400939941406,145.7821669760473,131.63805829012034,138.0214317979302,93226400,MSFT,2020-03-12,-0.09483821521255886,1,0.6931471805599453
2020-03-13,150.8736572265625,153.79937110403267,133.6803430845326,140.11121440764762,92727400,MSFT,2020-03-13,0.14216880774936747,2,1.0986122886681096
2020-03-16,128.63636779785156,141.86857610037168,128.2374087100847,132.98694236601375,87905900,MSFT,2020-03-16,-0.14739013978641646,2,1.0986122886681096
2020-03-17,139.22781372070312,140.111219878546,128.23738768544888,132.98692056268771,81059800,MSFT,2020-03-17,0.08233632606523633,2,1.0986122886681096
2020-03-18,133.3668670654297,138.68634927369683,128.25637994155176,131.08709725869974,81593200,MSFT,2020-03-18,-0.04209609056298724,8,2.1972245773362196
2020-03-19,135.56118774414062,142.62848121921525,132.03702760813172,135.61817982543892,85922700,MSFT,2020-03-19,0.01645326704446326,2,1.0986122886681096
2020-03-20,130.46969604492188,139.73128672500724,129.054329789664,138.68638351717573,84866200,MSFT,2020-03-20,-0.03755862414564026,5,1.791759469228055
2020-03-23,129.16830444335938,133.52838705805826,125.88163549437336,130.14670715023314,78975200,MSFT,2020-03-23,-0.009974665696426688,7,2.0794415416798357
2020-03-24,140.90911865234375,142.1060100501509,134.19328761949444,136.5490515459888,82516700,MSFT,2020-03-24,0.09089547361932548,3,1.3862943611198906
2020-03-25,139.56031799316406,146.59913149917378,137.2045529736257,141.45063791485885,75638200,MSFT,2020-03-25,-0.009572131825673402,4,1.6094379124341003
2020-03-26,148.28993225097656,148.81238382335576,140.9376493369031,140.96614537772146,64568100,MSFT,2020-03-26,0.06255083381395066,2,1.0986122886681096
2020-03-27,142.2010040283203,147.13102121684818,141.7260507653704,144.14831530529963,57042300,MSFT,2020-03-27,-0.041060968403107134,2,1.0986122886681096
2020-03-30,152.2035369873047,152.55501230058746,142.49548995938957,144.8037706334884,63420300,MSFT,2020-03-30,0.07034080404237031,5,1.791759469228055
2020-03-31,149.8097686767578,156.52560046154846,148.71736744542542,151.41509857414286,77927200,MSFT,2020-03-31,-0.015727415787627486,5,1.791759469228055
2020-04-01,144.49029541015625,149.8477681249907,143.2649222575526,145.33571171552185,57969900,MSFT,2020-04-01,-0.03550818690655155,3,1.3862943611198906
2020-04-02,147.48251342773438,147.69149406752848,142.82797625652344,144.25283634906882,49630700,MSFT,2020-04-02,0.02070878192258019,1,0.6931471805599453
2020-04-03,146.1241455078125,149.4963171018683,144.5662991410881,147.33053104311554,41243300,MSFT,2020-04-03,-0.009210365950180766,5,1.791759469228055
2020-04-06,156.99107360839844,158.1594547108867,149.68628926690775,152.28903866452734,67111700,MSFT,2020-04-06,0.07436777859552945,4,1.6094379124341003
2020-04-07,155.3002166748047,161.48410268308842,155.08172774695498,161.09463754501482,62769000,MSFT,2020-04-07,-0.010770401747881908,5,1.791759469228055
2020-04-08,156.8580780029297,158.32092775680474,155.30972564119622,157.3710211779595,48318200,MSFT,2020-04-08,0.010031288825482543,7,2.0794415416798357
2020-04-09,156.86753845214844,158.98582561353126,155.1482102296076,158.0264253911556,51385100,MSFT,2020-04-09,6.031215822099867e-05,4,1.6094379124341003
2020-04-13,157.21902465820312,157.2760312253535,154.16983281192037,156.1171440984928,41905300,MSFT,2020-04-13,0.0022406560944532306,5,1.791759469228055
2020-04-14,164.99876403808594,165.04626226424094,159.58429962815816,160.53420617356386,52874300,MSFT,2020-04-14,0.049483447673054126,3,1.3862943611198906
2020-04-15,163.26992797851562,164.8752722248114,160.76217548860208,162.6239840446775,40940800,MSFT,2020-04-15,-0.010477872786800124,3,1.3862943611198906
2020-04-16,168.1714630126953,168.3994458213664,164.23885015327437,165.5687281288851,50479600,MSFT,2020-04-16,0.030021052222333644,7,2.0794415416798357
2020-04-17,169.6533203125,170.98318372145278,167.06006492340595,170.50823043333762,52765600,MSFT,2020-04-17,0.008811585944833222,3,1.3862943611198906
2020-04-20,166.29063415527344,169.795791556013,166.22414823554044,167.781994358711,36669600,MSFT,2020-04-20,-0.019820927471578598,8,2.1972245773362196
2020-04-21,159.4133758544922,164.97032227670314,157.78902874988998,164.8088398501871,56203700,MSFT,2020-04-21,-0.041356858945884034,11,2.4849066497880004
2020-04-22,164.8278350830078,165.2837862971118,162.26308957383472,162.804528922878,34620200,MSFT,2020-04-22,0.033964899115227265,9,2.302585092994046
2020-04-23,162.8330078125,166.2906676852295,162.34856060445543,165.38825920227922,32790800,MSFT,2020-04-23,-0.012102490271156063,8,2.1972245773362196
2020-04-24,165.80618286132812,165.81567670835807,162.1585453714661,163.44091045280888,34277600,MSFT,2020-04-24,0.018259043966390998,4,1.6094379124341003
2020-04-27,165.33126831054688,168.0384937789197,164.6188382671183,167.74402501341078,33194400,MSFT,2020-04-27,-0.0028642752796405047,5,1.791759469228055
2020-04-28,161.30360412597656,166.87005623256687,160.90464517567204,166.79406198092485,34392700,MSFT,2020-04-28,-0.024361176356580194,6,1.9459101490553132
2020-04-29,168.54190063476562,168.7793772559572,163.26993123985068,164.54280245077612,51286600,MSFT,2020-04-29,0.044873743200034344,8,2.1972245773362196
2020-04-30,170.23280334472656,171.3631802570195,167.4020706557273,170.98322333626544,53875900,MSFT,2020-04-30,0.010032536144380932,12,2.5649493574615367
2020-05-01,165.82522583007812,169.69133870777904,165.29326588269856,166.99360705670193,39370500,MSFT,2020-05-01,-0.025891469963770453,7,2.0794415416798357
2020-05-04,169.8812713623047,170.03325987772834,165.09374908184083,165.74918687198553,30372900,MSFT,2020-05-04,0.024459761848193207,15,2.772588722239781
2020-05-05,171.7051239013672,174.4503535890993,170.88820358800612,171.57213754777004,36839200,MSFT,2020-05-05,0.010736042439738913,6,1.9459101490553132
2020-05-06,173.39596557617188,174.9728142035313,172.5315614803006,172.95901660365254,32139300,MSFT,2020-05-06,0.009847357122411582,11,2.4849066497880004
2020-05-07,174.40286254882812,175.30527094576834,173.43395373066107,174.94430178922232,28316000,MSFT,2020-05-07,0.005806922723435193,8,2.1972245773362196
2020-05-08,175.42874145507812,175.73271852011223,174.1748722978731,175.71371632994155,30877800,MSFT,2020-05-08,0.005882236628786952,15,2.772588722239781
2020-05-11,177.38555908203125,178.11697670899608,173.6904230840471,173.97538346108584,30892700,MSFT,2020-05-11,0.01115448706251021,11,2.4849066497880004
2020-05-12,173.36744689941406,177.67052260190522,173.16797463195846,177.4425542962417,32038200,MSFT,2020-05-12,-0.022651856235709866,10,2.3978952727983707
2020-05-13,170.74574279785156,174.83034482903608,167.69653567270362,173.40548466660616,44711500,MSFT,2020-05-13,-0.015122239777134117,11,2.4849066497880004
2020-05-14,171.48663330078125,171.63862183186455,166.87958060148486,168.64640741566177,41873900,MSFT,2020-05-14,0.004339144805541872,9,2.302585092994046
2020-05-15,173.98489379882812,177.68952368706329,168.13346574945095,170.09027099782256,46610400,MSFT,2020-05-15,0.014568252055336739,21,3.091042453358316
2020-05-18,175.64723205566406,176.87260518633394,174.74482368880803,176.44515011723627,35264500,MSFT,2020-05-18,0.009554497637927373,6,1.9459101490553132
2020-05-19,174.4313507080078,177.25257442284837,174.29836436598677,175.76121412821837,26799100,MSFT,2020-05-19,-0.006922291535291225,4,1.6094379124341003
2020-05-20,176.85081481933594,177.0318020320773,175.2124241516012,176.04113977332156,31261300,MSFT,2020-05-20,0.013870580612416639,5,1.791759469228055
2020-05-21,174.7266082763672,177.81288202232966,174.59325157631395,176.60313689948154,29119500,MSFT,2020-05-21,-0.01201129067535689,3,1.3862943611198906
2020-05-22,174.8029022216797,175.70783871509175,173.87892514352026,174.49809298294946,20826900,MSFT,2020-05-22,0.00043664754936356687,0,0.0
2020-05-26,172.9549102783203,177.6509856570582,172.50720958063704,177.49857381640152,36073600,MSFT,2020-05-26,-0.010571860763591956,1,0.6931471805599453
2020-05-27,173.18348693847656,173.35495386661088,168.22069886726882,171.6498775472554,39517100,MSFT,2020-05-27,0.0013215968242152876,5,1.791759469228055
2020-05-28,172.79296875,175.41248738313547,171.82137594021566,172.16429532449058,33810200,MSFT,2020-05-28,-0.002254938940080886,8,2.1972245773362196
2020-05-29,174.55517578125,175.52678301222977,171.84993125203522,174.05984460970063,42130400,MSFT,2020-05-29,0.0101983723296033,1,0.6931471805599453
2020-06-01,174.1551055908203,174.31703770681008,172.8501138394492,173.87885733693813,22622400,MSFT,2020-06-01,-0.0022919411506368004,4,1.6094379124341003
2020-06-02,176.13641357421875,176.22213977548927,172.74533039924086,175.50772569531836,30794600,MSFT,2020-06-02,0.011376686182566154,0,0.0
2020-06-03,176.5650634765625,177.11754545638277,174.86952184719328,176.0506917214427,27311000,MSFT,2020-06-03,0.002433624562039327,2,1.0986122886681096
2020-06-04,174.24082946777344,177.02227987283794,173.65025181324634,175.5553560250542,28761800,MSFT,2020-06-04,-0.013163612115697942,3,1.3862943611198906
2020-06-05,178.31777954101562,178.82263107426536,173.3740310033493,173.95508846130764,39893600,MSFT,2020-06-05,0.023398362402746953,1,0.6931471805599453
2020-06-08,179.4227752685547,179.60376255478553,175.68877150851665,177.11760014533309,33211600,MSFT,2020-06-08,0.0061967781921874465,0,0.0
2020-06-09,180.79440307617188,181.651694207209,178.37491244759534,179.07980627930513,29783900,MSFT,2020-06-09,0.007644669443799268,2,1.0986122886681096
2020-06-10,187.5003662109375,189.10066141937924,181.94698529918037,182.06130144357863,43872300,MSFT,2020-06-10,0.03709165228937028,2,1.0986122886681096
2020-06-11,177.431884765625,186.47159494477745,177.2413772514786,183.96639279090863,52854700,MSFT,2020-06-11,-0.053698462828523086,1,0.6931471805599453
2020-06-12,178.83213806152344,182.623291383171,176.39359245482194,181.49927233718,43373600,MSFT,2020-06-12,0.007891779415791333,0,0.0
2020-06-15,179.97520446777344,181.7660071501727,175.27911483833037,175.8220765372761,32770200,MSFT,2020-06-15,0.006391839960313783,0,0.0
2020-06-16,184.3855133056641,186.3001377560509,182.37562783325563,183.73777033245815,42556700,MSFT,2020-06-16,0.02450509141485857,0,0.0
2020-06-17,185.0237579345703,187.00506839796023,184.49985127974224,185.7762678316549,25687800,MSFT,2020-06-17,0.0034614684064044887,0,0.0
2020-06-18,187.0050201416016,187.16695224134497,184.7950924714294,184.7950924714294,23061600,MSFT,2020-06-18,0.010708150289174823,0,0.0
2020-06-19,185.8905792236328,189.83414524257643,185.1475895776576,189.1673615262903,44441100,MSFT,2020-06-19,-0.005959417116850219,0,0.0
2020-06-22,191.05343627929688,191.2344090207964,185.96679556502613,186.50022256792,32818900,MSFT,2020-06-22,0.027773634776042,0,0.0
2020-06-23,192.3297882080078,194.2729879977729,191.87255275823532,192.50124060057937,30917400,MSFT,2020-06-23,0.00668060179166341,0,0.0
2020-06-24,188.45291137695312,193.6062219286943,187.23364580385095,192.03451671588377,36740600,MSFT,2020-06-24,-0.02015744345780579,0,0.0
2020-06-25,190.8343048095703,191.0914979740535,186.19538023333627,188.41482860990715,27803900,MSFT,2020-06-25,0.012636543607722706,0,0.0
2020-06-26,187.0145568847656,190.4056400596345,185.6333592367713,190.25322823418625,54675800,MSFT,2020-06-26,-0.020016044435073432,0,0.0
2020-06-29,189.02444458007807,189.1101707823293,184.3664653054702,186.4906524584032,26701600,MSFT,2020-06-29,0.010747225931460047,0,0.0
2020-06-30,193.85389709472656,194.70166798928813,188.357681249384,188.4910379788164,34310300,MSFT,2020-06-30,0.02554935434608585,0,0.0
2020-07-01,194.9874420166016,196.55916194472687,192.19647091012703,193.50146283713315,32061200,MSFT,2020-07-01,0.005847418797678916,0,0.0
2020-07-02,196.473388671875,198.1498896510141,195.2731782720934,195.92090671600337,29315800,MSFT,2020-07-02,0.007620730032177558,0,0.0
2020-07-06,200.70274353027344,201.1123485300744,198.21658173292928,198.9214755860696,31897600,MSFT,2020-07-06,0.02152634963436073,0,0.0
2020-07-07,198.3689727783203,204.4843554530496,198.12131446740048,200.46458446974043,33600700,MSFT,2020-07-07,-0.01162799626404265,0,0.0
2020-07-08,202.73167419433597,203.1412646388337,198.78810890651903,200.10263551405535,33600000,MSFT,2020-07-08,0.0219928618619758,0,0.0
2020-07-09,204.15093994140625,206.11319462361945,201.4361610827471,206.0655641193854,33121700,MSFT,2020-07-09,0.007000710435162594,0,0.0
2020-07-10,203.5318298339844,203.9223797300993,201.06472308791984,203.48419931632276,26177600,MSFT,2020-07-10,-0.003032609634810113,0,0.0
2020-07-13,197.24497985839844,205.5607560236362,196.7020181584521,204.30338021415548,38135600,MSFT,2020-07-13,-0.0308887802989537,0,0.0
2020-07-14,198.46421813964844,198.9404941471496,192.4440824281345,196.3495515035601,37591800,MSFT,2020-07-14,0.006181339987082479,0,0.0
2020-07-15,198.1689453125,201.30285006378293,195.30176853848567,199.61682866793632,32179400,MSFT,2020-07-15,-0.001487788730463624,0,0.0
2020-07-16,194.24444580078125,195.93998757949456,192.71083615432784,195.6542190082387,29940700,MSFT,2020-07-16,-0.01980380682518168,0,0.0
2020-07-17,193.25375366210935,195.3112549276944,191.834445955086,194.7683078478896,31635300,MSFT,2020-07-17,-0.005100234061199194,0,0.0
2020-07-20,201.56002807617188,202.226811632274,193.3775945758893,195.2731784676859,36884800,MSFT,2020-07-20,0.042981180218550685,0,0.0
2020-07-21,198.84524536132807,203.78899294881228,198.15940670556205,203.5222795309912,37990400,MSFT,2020-07-21,-0.013468854617433634,0,0.0
2020-07-22,201.70291137695312,202.2268179498257,198.50233567288583,199.27390056439276,49605700,MSFT,2020-07-22,0.014371306743755863,0,0.0
2020-07-23,192.92991638183597,200.91230847679552,192.55842160486344,197.35929283705423,67457000,MSFT,2020-07-23,-0.043494637411166215,0,0.0
2020-07-24,191.74876403808597,193.23474316986903,188.1385829990141,190.91051343665205,39827000,MSFT,2020-07-24,-0.006122183463824871,0,0.0
2020-07-27,194.177734375,194.29203596584568,191.3295986131763,191.9106559246256,30160900,MSFT,2020-07-27,0.012667462807904206,0,0.0
2020-07-28,192.43460083007807,194.98743376683996,192.16788737503717,193.949155350088,23251400,MSFT,2020-07-28,-0.008977000120701573,0,0.0
2020-07-29,194.37779235839844,194.93979464709196,192.42505751425412,192.8918133073751,19632600,MSFT,2020-07-29,0.010097932076343241,0,0.0
2020-07-30,194.225341796875,194.75878311184644,190.10080453768745,191.4629468845952,25079600,MSFT,2020-07-30,-0.0007843003034130325,0,0.0
2020-07-31,195.28273010253903,195.36847085085128,189.5674166446083,194.70167265292437,51044000,MSFT,2020-07-31,0.005444131522084561,0,0.0
2020-08-03,206.26564025878903,207.3134534584986,200.4550807493608,201.48383883595037,78983000,MSFT,2020-08-03,0.05624107236970266,0,0.0
2020-08-04,203.16981506347656,204.57960252584857,200.3312140980677,204.0080654968015,49280100,MSFT,2020-08-04,-0.015008923402988095,0,0.0
2020-08-05,202.83644104003903,204.7986959876565,201.5314493492974,204.70343496630397,28806400,MSFT,2020-08-05,-0.0016408639410011583,0,0.0
2020-08-06,206.0846710205078,206.10371159915528,201.5124176259521,202.26492745672692,32656800,MSFT,2020-08-06,0.01601403556389358,0,0.0
2020-08-07,202.39830017089844,205.4655196114251,200.92184126067815,204.6558589111581,27820400,MSFT,2020-08-07,-0.017887651863454423,0,0.0
2020-08-10,198.3689727783203,201.82674151677796,196.55912962091008,201.6266991825336,36716500,MSFT,2020-08-10,-0.019907911228384312,0,0.0
2020-08-11,193.7300567626953,197.7974438909009,193.50143901907384,197.3307026496794,36446500,MSFT,2020-08-11,-0.023385290303484352,0,0.0
2020-08-12,199.26437377929688,200.30265206772677,195.03504017950797,195.5494119121457,28013100,MSFT,2020-08-12,0.028567157358450945,0,0.0
2020-08-13,198.79766845703125,201.32194085358907,198.2737617683272,199.5025624140872,22588900,MSFT,2020-08-13,-0.0023421413141445635,0,0.0
2020-08-14,198.98812866210935,199.6453919392723,197.6640818192709,198.85477194897427,17958900,MSFT,2020-08-14,0.0009580605575325585,0,0.0
2020-08-17,200.3026885986328,201.169514645871,199.00721694022215,199.6549600368245,20184800,MSFT,2020-08-17,0.00660622292074331,0,0.0
2020-08-18,201.45526123046875,202.2839769572169,199.28344347190688,200.5408047630147,21336200,MSFT,2020-08-18,0.005754154574257653,0,0.0
2020-08-19,200.2330474853516,202.5247077340246,199.80336574182783,201.94224572660372,27627600,MSFT,2020-08-19,-0.006066923929670565,0,0.0
2020-08-20,204.8927459716797,205.293783241714,199.4787209713245,200.08026959141188,26981500,MSFT,2020-08-20,0.023271375753640244,0,0.0
2020-08-21,203.4031524658203,206.48732907015585,203.24082891505807,204.20522691779604,36249300,MSFT,2020-08-21,-0.007270113438107129,0,0.0
2020-08-24,204.0428771972656,205.7902628241952,202.839751103684,205.09320849159093,25460100,MSFT,2020-08-24,0.0031451072595976015,0,0.0
2020-08-25,206.69744873046875,206.8311278384328,203.47959226523687,203.47959226523687,23043700,MSFT,2020-08-25,0.013009871109770588,0,0.0
2020-08-26,211.16612243652344,212.0636882339954,207.54722933961597,208.04375788990563,39600800,MSFT,2020-08-26,0.021619394595826735,0,0.0
2020-08-27,216.3509826660156,220.71466112899327,209.49511824885343,212.8275664431069,57602200,MSFT,2020-08-27,0.024553466103686805,0,0.0
2020-08-28,218.57579040527344,220.2276849380382,216.35097723100844,217.87873599179864,26292900,MSFT,2020-08-28,0.010283326249977298,0,0.0
2020-08-31,215.348388671875,218.3752764538557,214.1834647217213,216.7520263073893,28774200,MSFT,2020-08-31,-0.014765595619781746,0,0.0
2020-09-01,217.0098419189453,217.18170877943533,214.29804337071027,215.3292882434317,25725500,MSFT,2020-09-01,0.007715187735171991,0,0.0
2020-09-02,221.192138671875,222.3475195477632,217.08627412946225,217.67827952359187,34080800,MSFT,2020-09-02,0.019272382837326907,0,0.0
2020-09-03,207.4899444580078,218.95774500180636,205.2555877927425,218.9195572217702,58400300,MSFT,2020-09-03,-0.061947021698603666,0,0.0
2020-09-04,204.57765197753903,208.50210600083884,195.92666935229124,205.3892844294588,59664100,MSFT,2020-09-04,-0.014035824666472796,0,0.0
2020-09-08,193.5108795166016,200.54815481211492,193.071639892722,197.17751849448624,52924300,MSFT,2020-09-08,-0.05409570573306066,0,0.0
2020-09-09,201.751220703125,205.1409574249301,197.36844161458455,198.22781949091643,45679000,MSFT,2020-09-09,0.042583348321852066,0,0.0
2020-09-10,196.09849548339844,205.0454934922573,194.8953838654287,203.7659771837077,35461500,MSFT,2020-09-10,-0.028018295007218308,0,0.0
2020-09-11,194.81903076171875,199.21136882938845,192.15499218362683,197.8459188393803,33620100,MSFT,2020-09-11,-0.006524602437798954,0,0.0
2020-09-14,196.13673400878903,199.75562740153796,194.81902968180668,195.01955560675427,30375800,MSFT,2020-09-14,0.006763729610594016,0,0.0
2020-09-15,199.35459899902344,200.30945387096816,197.58811165795407,199.01085066232616,21823900,MSFT,2020-09-15,0.01640623316430978,0,0.0
2020-09-16,195.79298400878903,201.14016226576356,195.4014900352988,201.11151778672067,26328100,MSFT,2020-09-16,-0.017865727744017845,0,0.0
2020-09-17,193.7496032714844,195.10549542521736,190.9327843465496,191.01871778722528,34011300,MSFT,2020-09-17,-0.010436434929726124,0,0.0
2020-09-18,191.34336853027344,194.45619018917904,187.3902699158646,193.6445722843672,55225300,MSFT,2020-09-18,-0.012419301513816872,0,0.0
2020-09-21,193.3962860107422,193.55862414931087,187.5143914784935,188.2878215402221,39839700,MSFT,2020-09-21,0.010728971148764588,0,0.0
2020-09-22,198.0559539794922,198.70526273170444,192.95703353650535,195.80249637462487,33517100,MSFT,2020-09-22,0.02409388548697966,0,0.0
2020-09-23,191.5343170166016,198.70528574638803,190.99960067045063,198.51430313425325,30803800,MSFT,2020-09-23,-0.03292825503022179,0,0.0
2020-09-24,194.01695251464844,196.289511640516,190.2070765512696,190.82774092401175,31202500,MSFT,2020-09-24,0.012961831261975254,0,0.0
2020-09-25,198.43795776367188,199.6028673693428,193.39631034881688,194.36072314906912,29437300,MSFT,2020-09-25,0.02278669565583269,0,0.0
2020-09-28,199.9847869873047,202.97348710410117,198.66708273160543,201.35978019848167,32004900,MSFT,2020-09-28,0.00779502692461187,0,0.0
2020-09-29,197.90321350097656,200.58636790258805,197.47353172695807,199.8988712361869,24221900,MSFT,2020-09-29,-0.010408659166960876,0,0.0
2020-09-30,200.8346405029297,202.41014531987275,197.2157321351457,198.35201184054603,33829100,MSFT,2020-09-30,0.01481242749976186,0,0.0
2020-10-01,202.86843872070312,204.32936526589785,201.77990493075555,203.8519379094309,27158400,MSFT,2020-10-01,0.010126730192960842,0,0.0
2020-10-02,196.88153076171875,201.46483711654335,196.26086634548096,198.6098157696797,33154800,MSFT,2020-10-02,-0.029511283256962284,0,0.0
2020-10-05,200.8823699951172,200.9110144753066,197.6358547310032,197.86502514244748,21331600,MSFT,2020-10-05,0.020321048997940627,0,0.0
2020-10-06,196.6141815185547,200.69140156656152,195.57339314489093,199.3928128529531,28554300,MSFT,2020-10-06,-0.02124720291116755,0,0.0
2020-10-07,200.3571929931641,200.62455118299337,197.38759385548323,197.7122410045719,25681100,MSFT,2020-10-07,0.01903734230003229,0,0.0
2020-10-08,201.0733337402344,201.6557957748077,198.91536704931997,201.00648690794023,19925800,MSFT,2020-10-08,0.0035743201248319423,0,0.0
2020-10-09,206.06723022460935,206.11497588280443,201.6939931066541,201.6939931066541,26458000,MSFT,2020-10-09,0.024836194792625,0,0.0
2020-10-12,211.4048309326172,213.75377997405823,207.0220512282655,208.91265950995952,40461400,MSFT,2020-10-12,0.025902229588809167,0,0.0
2020-10-13,212.79893493652344,215.04284947727945,210.47863026566432,212.66525585132484,28950800,MSFT,2020-10-13,0.006594475621754414,0,0.0
2020-10-14,210.8892364501953,214.09754923309413,209.23734168865147,212.9326251853201,23421700,MSFT,2020-10-14,-0.008974191938027176,0,0.0
2020-10-15,209.743408203125,210.4118036470309,206.25817945216272,207.29898225402468,22733100,MSFT,2020-10-15,-0.005433317822936434,0,0.0
2020-10-16,209.743408203125,212.25466641165195,209.41876106893184,210.21127772889517,26057900,MSFT,2020-10-16,0.0,0,0.0
2020-10-19,204.5489959716797,212.26422448710105,204.0715685727298,210.46909280467256,27625800,MSFT,2020-10-19,-0.02476555652425949,0,0.0
2020-10-20,204.9595642089844,207.55677026859448,203.4699931450753,206.0576559024547,22753500,MSFT,2020-10-20,0.002007187741765115,0,0.0
2020-10-21,205.1027984619141,207.1270858226362,203.49863494271912,203.49863494271912,22724900,MSFT,2020-10-21,0.0006988415177524576,0,0.0
2020-10-22,205.188720703125,206.3058989254376,202.14273195608644,204.27205380357495,22351500,MSFT,2020-10-22,0.00041892281263478104,0,0.0
2020-10-23,206.4682464599609,206.5159921132841,203.5368498409925,205.32242362984323,18879600,MSFT,2020-10-23,0.006235848405562017,0,0.0
2020-10-26,200.5958709716797,206.5732559651668,198.70526280324816,204.1956771598452,37111600,MSFT,2020-10-26,-0.028442027231630584,0,0.0
2020-10-27,203.62278747558597,204.9786795523544,200.8346131891416,202.03772500009524,36700300,MSFT,2020-10-27,0.015089625171465393,0,0.0
2020-10-28,193.5299530029297,199.41186173741897,192.97615007156463,198.2946834325445,51195600,MSFT,2020-10-28,-0.04956633094842777,0,0.0
2020-10-29,195.47789001464844,197.9987062868801,194.18883011308253,194.8572401775561,31432600,MSFT,2020-10-29,0.010065299874739697,0,0.0
2020-10-30,193.32943725585935,195.06726527827396,190.6080954627716,194.3129364566058,36953700,MSFT,2020-10-30,-0.010990771174315905,0,0.0
2020-11-02,193.1957550048828,196.01257348222185,191.08551968739417,195.067262075214,30842200,MSFT,2020-11-02,-0.0006914738535115372,0,0.0
2020-11-03,197.11070251464844,198.72440972918216,193.95013492638668,194.6853773255977,27512000,MSFT,2020-11-03,0.020264148711065966,0,0.0
2020-11-04,206.6210174560547,208.46389468820024,202.83024295706136,204.35801637531904,42311800,MSFT,2020-11-04,0.048248597463648624,0,0.0
2020-11-05,213.2095184326172,214.00204965218956,211.16612977646565,212.0159499519229,36080100,MSFT,2020-11-05,0.031886886715015716,0,0.0
2020-11-06,213.6201171875,214.2312236771775,208.18699104009195,212.22602276764897,25231900,MSFT,2020-11-06,0.0019257993634678172,0,0.0
2020-11-09,208.53070068359372,217.82143209246183,208.0437300706879,214.30757407086816,44395000,MSFT,2020-11-09,-0.023824612451828098,0,0.0
2020-11-10,201.48390197753903,206.72605996738244,200.252145721527,204.81635040648283,44045100,MSFT,2020-11-10,-0.03379261990179028,1,0.6931471805599453
2020-11-11,206.7738342285156,208.1965587234727,202.6202095309145,202.80163429548935,29440800,MSFT,2020-11-11,0.02625486303896518,0,0.0
2020-11-12,205.7139129638672,209.21822820406635,204.77815937346904,207.40400997799867,21593900,MSFT,2020-11-12,-0.0051259931828562255,0,0.0
2020-11-13,206.7356109619141,207.6045323412355,204.49171088632605,206.59238856748885,18621100,MSFT,2020-11-13,0.004966596489885289,0,0.0
2020-11-16,207.4231109619141,207.91009625072093,204.8354625277745,205.169652976834,24953300,MSFT,2020-11-16,0.003325503510503758,0,0.0
2020-11-17,204.7781524658203,207.85277130198585,204.4153030048756,206.34411364526463,24154100,MSFT,2020-11-17,-0.012751513000783365,0,0.0
2020-11-18,202.0784149169922,205.99399180635928,201.93480295916703,204.53880869388323,28372800,MSFT,2020-11-18,-0.013183718655137011,0,0.0
2020-11-19,203.3612823486328,203.94526929630183,200.9774639016416,202.3656398944147,24792700,MSFT,2020-11-19,0.006348364481023827,0,0.0
2020-11-20,201.41783142089844,204.1941538861214,201.044463715464,203.15064088991645,22843100,MSFT,2020-11-20,-0.009556641782001662,0,0.0
2020-11-23,201.14979553222656,203.23682175525892,199.28295679876337,201.9539699700148,25683500,MSFT,2020-11-23,-0.0013307455788845735,0,0.0
2020-11-24,204.73989868164065,205.11326647035585,199.9531246683301,200.65198958401243,33979700,MSFT,2020-11-24,0.017847908519692757,0,0.0
2020-11-25,204.7494201660156,206.10886192206488,203.3995613049704,205.9365451088525,21012900,MSFT,2020-11-25,4.650527052252329e-05,0,0.0
2020-11-27,206.05142211914065,207.0470790626481,204.9121678318924,205.68763731230695,14512200,MSFT,2020-11-27,0.00635900190618055,0,0.0
2020-11-30,204.94097900390625,205.60154164167716,201.8487120300985,204.96969848345816,33064800,MSFT,2020-11-30,-0.005389155308000437,0,0.0
2020-12-01,206.9896240234375,208.05228810866888,204.2515895538909,205.36210967793204,30904500,MSFT,2020-12-01,0.009996268337784331,0,0.0
2020-12-02,206.18544006347656,206.2811813595247,203.72504652220383,205.71634569382476,23724500,MSFT,2020-12-02,-0.0038851414110974147,0,0.0
2020-12-03,205.1036376953125,207.15237578450493,204.5387874261816,205.45785419325355,25120900,MSFT,2020-12-03,-0.005246744715975193,0,0.0
2020-12-04,205.21856689453125,206.1950728397856,204.08888068177143,205.08453781248252,24666000,MSFT,2020-12-04,0.0005603469568369324,0,0.0
2020-12-07,205.1515045166016,206.3481977299115,203.90695526121635,205.228094635222,24620000,MSFT,2020-12-07,-0.0003267851391054455,0,0.0
2020-12-08,206.79820251464844,207.6981183527373,203.81126025041704,204.8452051745144,23284100,MSFT,2020-12-08,0.008026741026964324,0,0.0
2020-12-09,202.7677154541016,206.05143485387185,202.20287972305044,205.9844276253421,32440600,MSFT,2020-12-09,-0.019489952095987584,0,0.0
2020-12-10,201.54229736328125,203.993122837024,201.3891171191543,202.7389906303878,26733300,MSFT,2020-12-10,-0.006043457599135049,0,0.0
2020-12-11,204.1654357910156,204.2228893375298,200.1924200626549,201.0923357197763,30979400,MSFT,2020-12-11,0.01301532463434274,0,0.0
2020-12-14,205.0653381347656,206.9896300960847,203.8016377468616,204.01225691285737,28798400,MSFT,2020-12-14,0.004407711522096847,0,0.0
2020-12-15,204.99835205078125,206.23333309866624,203.1889523803943,205.99399444063587,27000600,MSFT,2020-12-15,-0.0003266572722315786,0,0.0
2020-12-16,209.92872619628903,210.7233323076712,205.5631913355503,205.5919108063652,35023300,MSFT,2020-12-16,0.024050798926844363,0,0.0
2020-12-17,210.062744140625,211.4700565683337,208.626712243622,210.49355078811152,32515800,MSFT,2020-12-17,0.0006383973587809066,0,0.0
2020-12-18,209.2681579589844,210.3212539600956,206.80776400449463,209.2681579589844,63354900,MSFT,2020-12-18,-0.0037826135466870747,0,0.0
2020-12-21,213.0975646972656,214.44743823854384,208.01401392274173,208.27250376445025,37181900,MSFT,2020-12-21,0.0182990416489055,0,0.0
2020-12-22,214.39002990722656,216.00796180865703,212.38916194035403,213.193336442627,22612200,MSFT,2020-12-22,0.0060651336480408435,0,0.0
2020-12-23,211.59451293945312,214.0261871402473,211.38389376362787,213.5953805017216,18699600,MSFT,2020-12-23,-0.013039398189286788,0,0.0
2020-12-24,213.2507476806641,214.0740732616441,211.7668450557722,211.97746424681867,10550600,MSFT,2020-12-24,0.00782739929406806,0,0.0
2020-12-28,215.3665313720703,216.39089336020064,213.50926081646244,214.87827109953108,17933500,MSFT,2020-12-28,0.009921576896764428,0,0.0
2020-12-29,214.59104919433597,217.49183275361256,214.04536461399425,216.65893884295096,17403200,MSFT,2020-12-29,-0.0036007552928203346,0,0.0
2020-12-30,212.2263641357422,216.00792655313228,212.0253278470232,215.62497594211865,20272300,MSFT,2020-12-30,-0.011019495302678206,0,0.0
2020-12-31,212.9348297119141,213.49009718851215,210.3116725862071,212.2455331622111,20942100,MSFT,2020-12-31,0.0033382543165974,0,0.0
