date,close,target,ticker,SMA_20,SMA_50,EMA_12,RSI,MACD,MACD_sig,MACD_hist,BB_pct,ATR,OBV_zscore,daily_return,sent_daily,sent_volume,sent_sma5,sent_sma20,sent_ewma5,sent_lag1,sent_lag2,sent_lag3,sent_lag5,sent_momentum,sent_zscore,sent_divergence,lm_score,vader_score
2020-01-02,152.15841674804688,1.0,MSFT,0.0,0.0,152.15841674804688,0.0,0.0,0.0,0.0,0.0,0.0,0.0,0.0,0.0,0.0,0.0,0.0,0.0,0.0,0.0,0.0,0.0,0.0,0.0,0,0.0,0.0
2020-01-03,150.2637939453125,1.0,MSFT,0.0,0.0,151.866936316857,0.0,-0.15113800135770816,-0.030227600271541633,-0.12091040108616653,0.0,0.0,0.0,-0.0124516464039685,0.5013618667920431,1.3862943611198906,0.25068093339602154,0.0,0.16712062226401436,0.0,0.0,0.0,0.0,0.0,0.0,1,0.037037037037037,0.4625000000000001
2020-01-06,150.65216064453125,1.0,MSFT,0.0,0.0,151.68004775188382,0.0,-0.23684777568766435,-0.07155163535476619,-0.16529614033289816,0.0,0.0,0.0,0.0025845660423036,0.8694716095924377,0.6931471805599453,0.4569444921281603,0.0,0.40123761804015545,0.5013618667920431,0.0,0.0,0.0,0.0,0.0,0,0.0,0.8176
2020-01-07,149.27854919433594,1.0,MSFT,0.0,0.0,151.31058643533797,0.0,-0.41087603051235533,-0.13941651438628402,-0.27145951612607133,0.0,0.0,0.0,-0.0091177680049102,0.9331955909729004,0.6931471805599453,0.5760072668393453,0.0,0.5785569423510705,0.8694716095924377,0.5013618667920431,0.0,0.0,0.0,0.0,1,0.3333333333333333,0.0
2020-01-08,151.65628051757812,1.0,MSFT,0.0,0.0,151.363770140298,0.0,-0.3528640330877124,-0.18210601812656974,-0.17075801496114268,0.0,0.0,0.0,0.0159281513390565,0.9131510555744172,1.0986122886681096,0.6434360245863597,0.6434360245863597,0.6900883134255194,0.9331955909729004,0.8694716095924377,0.5013618667920431,0.0,0.0,0.6732396780900419,0,0.0,0.8309
2020-01-09,153.55093383789062,1.0,MSFT,0.0,0.0,151.70025686300454,0.0,-0.1522513596037527,-0.17613508642200632,0.023883726818253626,0.0,0.0,0.0,0.0124930752214571,0.3364055752754211,1.0986122886681096,0.7107171396414439,0.5922642830345366,0.5721940673754866,0.9131510555744172,0.9331955909729004,0.8694716095924377,0.0,0.3364055752754211,-0.6739893843196786,0,0.0,0.1909
2020-01-10,152.84046936035156,1.0,MSFT,0.0,0.0,151.8756741702887,0.0,-0.05001635881907873,-0.1509113409014208,0.10089498208234207,0.0,0.0,0.0,-0.0046268977972424,0.0,0.6931471805599453,0.6104447662830352,0.5076550997438886,0.3814627115836578,0.3364055752754211,0.9131510555744172,0.9331955909729004,0.5013618667920431,-0.5013618667920431,-1.2305110428031403,0,0.0,0.3818
2020-01-13,154.67828369140625,1.0,MSFT,0.0,0.0,152.30684486584525,0.0,0.1772585469375656,-0.08527736333362351,0.2625359102711891,0.0,0.0,0.0,0.0120243960172725,0.3126706480979919,1.3862943611198906,0.49908457398414613,0.48328204328815144,0.3585320237551025,0.0,0.3364055752754211,0.9131510555744172,0.8694716095924377,-0.5568009614944458,-0.4395793635882711,0,0.0196078431372549,0.2546
2020-01-14,153.58888244628906,1.0,MSFT,0.0,0.0,152.50408141668277,0.0,0.26639908833942627,-0.014942072999013553,0.28134116133843984,0.0,0.0,0.0,-0.0070430135318194,-0.6372317224740982,1.6094379124341005,0.1849991112947464,0.3587805137590126,0.026610775012035653,0.3126706480979919,0.0,0.3364055752754211,0.9331955909729004,-1.5704273134469986,-1.9121719570696702,0,-0.0833333333333333,-0.1268
2020-01-15,154.58355712890625,1.0,MSFT,0.0,0.0,152.82400075702486,0.0,0.41254992493611553,0.07055632658801228,0.3419935983481033,0.0,0.0,0.0,0.006476215379489,-0.4810896813869476,1.0986122886681096,-0.09384903609752657,0.27479349424441657,-0.1426227104542921,-0.6372317224740982,0.3126706480979919,0.0,0.9131510555744172,-1.3942407369613647,-1.3538816551650974,1,-0.03125,0.1366
2020-01-16,157.41600036621094,0.0,MSFT,0.0,0.0,153.5304622353612,0.0,0.748304030374527,0.20610586734531522,0.5421981630292118,0.0,0.0,0.0,0.0183230564098271,0.6181517541408539,1.6094379124341005,-0.03749980032444,0.30600788150772906,0.11096877774408988,-0.4810896813869476,-0.6372317224740982,0.3126706480979919,0.3364055752754211,0.2817461788654328,0.5783865427796387,0,0.0,0.3547749999999999
2020-01-17,158.29705810546875,0.0,MSFT,0.0,0.0,154.2637846769162,0.0,1.0731153681901162,0.3795077675142754,0.6936076006758408,0.0,0.0,0.0,0.005597002447071,0.0,1.791759469228055,-0.03749980032444,0.2805072247154183,0.0739791851627266,0.6181517541408539,-0.4810896813869476,-0.6372317224740982,0.0,0.0,-0.5372749333726698,0,0.0142857142857142,0.04562
2020-01-21,157.72862243652344,0.0,MSFT,0.0,0.0,154.7968366399327,0.0,1.2700226550734897,0.5576107450261183,0.7124119100473714,0.0,0.0,0.0,-0.0035909427234369,0.1390376210212707,1.791759469228055,-0.07222640573978426,0.26962494750817617,0.09566533044890797,0.0,0.6181517541408539,-0.4810896813869476,0.3126706480979919,-0.17363302707672118,-0.26044379885880464,1,0.02,0.18748
2020-01-22,156.97080993652344,1.0,MSFT,0.0,0.0,155.13129407017743,0.0,1.3493692740838412,0.715962450837663,0.6334068232461783,0.0,2.144999500414727,0.0,-0.0048045338144316,0.3896368145942688,1.0986122886681096,0.13314730167388916,0.27819722372861133,0.19365582516402824,0.1390376210212707,0.0,0.6181517541408539,-0.6372317224740982,1.026868537068367,0.2308197906680198,1,0.0714285714285714,0.2732
2020-01-23,157.93707275390625,1.0,MSFT,0.0,0.0,155.56295232921264,65.56133560152199,1.4732387955033062,0.8674177197707917,0.6058210757325144,0.0,2.086130706410732,0.0,0.006155684727457,-0.4422198981046676,1.6094379124341005,0.14092125833034513,0.23016941560639279,-0.01830274925887035,0.3896368145942688,0.1390376210212707,0.0,-0.4810896813869476,0.03886978328227997,-1.3419757523242257,1,-0.0027777777777777,0.360375
2020-01-24,156.3455352783203,1.0,MSFT,0.0,0.0,155.68334970599844,66.64928941232299,1.4265382652808682,0.9792418288728071,0.44729643640806116,0.0,2.1213182189888897,0.0,-0.0100770354156546,0.0,1.9459101490553128,0.01729090750217438,0.21578382713099323,-0.0122018328392469,-0.4422198981046676,0.3896368145942688,0.1390376210212707,0.6181517541408539,-0.6181517541408539,-0.44266710201183074,0,0.0151515151515151,0.2292499999999999
2020-01-27,153.73097229003906,1.0,MSFT,0.0,0.0,155.382983949697,57.51279169952557,1.1651235571778216,1.0164181745338101,0.14870538264401145,0.0,2.2735625970292483,0.0,-0.0167229782649495,-0.1492751479148864,1.791759469228055,-0.012564122080802903,0.19430976977535325,-0.05789293786446007,0.0,-0.4422198981046676,0.3896368145942688,0.0,-0.1492751479148864,-0.7154787160023306,0,0.098030303030303,0.09022
2020-01-28,156.7434539794922,1.0,MSFT,0.0,0.0,155.59228703120397,66.86653777094992,1.1873456322423408,1.0506036660755163,0.13674196616682455,0.0,2.350025071439368,0.0,0.0195958019687116,0.1575693011283874,1.791759469228055,-0.008857786059379563,0.19226863262829957,0.013927808466489076,-0.1492751479148864,0.0,-0.4422198981046676,0.1390376210212707,0.0185316801071167,-0.07446860004026519,0,0.0333333333333333,-0.12972
2020-01-29,159.18748474121094,1.0,MSFT,0.0,0.0,156.14539437120504,66.965509039174,1.386190502447164,1.117721033349846,0.26846946909731795,0.0,2.3547607521942666,0.0,0.015592553945114,0.2550229132175445,2.3978952727983707,-0.03578056633472443,0.19557148950141773,0.09429284338350755,0.1575693011283874,-0.1492751479148864,0.0,0.3896368145942688,-0.1346139013767243,0.13122203041694872,0,0.0620777791366026,0.24133
2020-01-30,163.6778106689453,1.0,MSFT,155.06430740356444,0.0,157.30422764778046,70.4242507799791,1.8843862382679504,1.2710540743334668,0.6133321639344835,1.1081229191421624,2.617304748340627,2.388699717178992,0.028207782383359,0.4514191150665283,2.19722457733622,0.14294723629951475,0.20836387077967328,0.21333493394451447,0.2550229132175445,0.1575693011283874,-0.1492751479148864,-0.4422198981046676,0.893639013171196,0.5465950663145432,0,0.0742063492063492,0.14205
2020-01-31,161.26210021972656,1.0,MSFT,155.51949157714844,0.0,157.91313112038756,65.89193758861327,2.060529799007327,1.428949219268239,0.6315805797390879,0.8850993875547054,2.6957992345507193,1.161334553864917,-0.0147589367144259,0.0,1.3862943611198906,0.14294723629951475,0.20836387077967328,0.142223289296343,0.4514191150665283,0.2550229132175445,0.1575693011283874,0.0,0.0,-0.46857933100985094,0,0.0,0.0910666666666666
2020-02-03,165.19354248046875,1.0,MSFT,156.26597900390624,0.0,159.0331944065539,68.38963412225955,2.488671517833751,1.6408936789813415,0.8477778388524095,1.0447967719219793,2.8460212792145887,1.8160712288641303,0.0243792078571805,0.1383432637561451,2.4849066497880004,0.20047091863372107,0.19021294062787836,0.1409299474496104,0.0,0.4514191150665283,0.2550229132175445,-0.1492751479148864,0.2876184116710315,-0.11803030482026278,0,0.0013111888111888,0.2289
2020-02-04,170.63108825683594,1.0,MSFT,157.2649253845215,0.0,160.81748576813573,75.8698739858226,3.2295135928884804,1.9586176617627693,1.270895931125711,1.16917803166202,3.1423920493523263,2.3088807967633387,0.0329162126722362,0.3393999457359314,1.791759469228055,0.23683704755522986,0.16370935743505305,0.20708661354505076,0.1383432637561451,0.0,0.4514191150665283,0.1575693011283874,0.181830644607544,0.4270252282362719,0,0.0441025641025641,0.32638
2020-02-05,170.4227294921875,1.0,MSFT,158.32213439941407,0.0,162.295215571836,74.63170004090904,3.7565206323709504,2.3181982558844054,1.438322376486545,1.0568470642204277,3.4117010181446323,1.22679753995571,-0.001221106697361,-0.0209473669528961,1.0986122886681096,0.18164299152114174,0.11600220953876321,0.13107528671240182,0.3393999457359314,0.1383432637561451,0.0,0.2550229132175445,-0.2759702801704406,-0.3693133033279957,0,0.0,0.37495
2020-02-06,173.95623779296875,0.0,MSFT,159.4371322631836,0.0,164.0892189904718,75.17304449158152,4.408483839636119,2.7362553726347483,1.672228467001371,1.0832459702581987,3.4698966440753884,1.6959186568888556,0.0207337854012203,0.0371779759724934,2.772588722239781,0.09879476370233475,0.07220355555866703,0.09977618313243236,-0.0209473669528961,0.3393999457359314,0.1383432637561451,0.4514191150665283,-0.4142411390940349,-0.10946974350254315,0,0.0134680134680134,0.04896
2020-02-07,174.20249938964844,1.0,MSFT,160.46971054077147,0.0,165.6451082826528,74.6838794254394,4.888686891905081,3.1667416764888148,1.7219452154162664,0.9994068598573823,3.545005518675144,2.07807695466373,0.0014156525790858,0.0,1.791759469228055,0.09879476370233475,0.05538327679489598,0.06651745542162159,0.0371779759724934,-0.0209473669528961,0.3393999457359314,0.0,0.0,-0.1763092000180261,0,0.0,0.14728
2020-02-10,178.75909423828125,0.0,MSFT,161.76564178466796,0.0,167.66264458351873,79.04244940103041,5.572691870731461,3.6479317153373443,1.9247601553941167,1.0483082276610058,3.804164019344942,2.3101804901860454,0.0261568856049581,0.0233681960539384,2.4849066497880004,0.07579975016189341,0.056551686597592896,0.0521343689657272,0.0,0.0371779759724934,-0.0209473669528961,0.1383432637561451,-0.11497506770220671,-0.10569592374209823,0,0.0049268912905276,0.2606545454545454
2020-02-11,174.7235565185547,1.0,MSFT,162.76790542602538,0.0,168.74893872737042,72.48084543641025,5.723163510452224,4.062978074360321,1.6601854360919033,0.8702462068798424,4.168880823532201,1.1810163966848566,-0.0225752862360518,0.0931500521573153,2.4849066497880004,0.0265497714461702,0.04557565680055907,0.06580626336292324,0.0233681960539384,0.0,0.0371779759724934,0.3393999457359314,-0.2462498935786161,0.15430516601234928,1,0.025015525015525,0.3789727272727273
2020-02-12,174.9793243408203,0.0,MSFT,163.83742752075196,0.0,169.7074595909781,71.97657995388559,5.796236290807883,4.409629717649834,1.3866065731580495,0.8393402595532256,4.336015052008485,1.7874756399579967,0.0014638428118218,0.29972838362058,1.9459101490553128,0.09068492156086543,0.09242366210529299,0.14378030344880882,0.0931500521573153,0.0233681960539384,0.0,-0.0209473669528961,0.32067575057347614,0.7746879102885116,0,0.0,0.0357666666666666
2020-02-13,174.03199768066406,0.0,MSFT,164.80984954833986,0.0,170.37277314323748,73.1926500649098,5.7118628519195624,4.67007634450378,1.0417865074157824,0.7809396391810908,4.354961354202516,1.059214250813391,-0.0054139348390159,-0.1083405166864395,2.19722457733622,0.061581223029078834,0.11106112034031838,0.05974003007039272,0.29972838362058,0.0931500521573153,0.0233681960539384,0.0371779759724934,-0.1455184926589329,-0.9267040594366446,0,0.0208333333333333,0.089325
2020-02-14,175.58560180664062,0.0,MSFT,165.71832962036132,0.0,171.17474678376107,79.47871030629547,5.704600083900715,4.876981092383167,0.8276189915175483,0.7954489068875477,4.214220007457724,1.3064763135182256,0.0089271176949154,0.009579708178838,1.9459101490553128,0.06349716466484644,0.08063251804221759,0.04301992277320781,-0.1083405166864395,0.29972838362058,0.0931500521573153,0.0,0.009579708178838,-0.34634574848745964,0,0.0181818181818181,0.1793333333333333
2020-02-18,177.36656188964844,0.0,MSFT,166.67180480957032,0.0,172.12733372312834,78.77350537253493,5.775971083283679,5.0567790905632695,0.7191919927204093,0.8129364437643247,4.137758245667919,1.5593441813684032,0.0101429733684488,0.0444614291191101,2.8903717578961645,0.06771581127788077,0.0828555894981731,0.043500424888508575,0.009579708178838,-0.1083405166864395,0.29972838362058,0.0233681960539384,0.0210932330651717,-0.18777408326102113,0,0.0049019607843137,0.1330823529411764
2020-02-19,177.8985137939453,0.0,MSFT,167.6802993774414,0.0,173.01520758017713,77.57713526997233,5.808500410399091,5.207123354530434,0.6013770558686575,0.7962584282099971,4.031165288059896,1.7497416078930526,0.0029991668025217,0.096437825096978,2.302585092994046,0.06837336586581332,0.08072559970195846,0.06114622495799839,0.0444614291191101,0.009579708178838,-0.1083405166864395,0.0931500521573153,0.003287772939662703,0.07699225180256922,0,-0.0142857142857142,-0.0111888888888888
2020-02-20,175.18177795410156,0.0,MSFT,168.59084777832032,0.0,173.34852609924243,67.89035759643258,5.551072945440438,5.275913272712435,0.27515967272800346,0.6963761396401413,4.04380764046832,1.1014945137860663,-0.0152712677689397,0.244604296154446,2.302585092994046,0.057348548372586516,0.07347397377996732,0.12229891535681425,0.096437825096978,0.0444614291191101,0.009579708178838,0.29972838362058,-0.05512408746613401,0.8780825132165276,1,0.027065527065527,0.3877111111111111
2020-02-21,169.64378356933594,0.0,MSFT,169.1761833190918,0.0,172.77856571002607,61.88096154761235,4.844347340258622,5.189600086221672,-0.3452527459630499,0.5145979573659503,4.3137650349447245,0.33225439245634736,-0.0316128449513545,-0.009272888302803,1.6094379124341005,0.07716207404931383,0.09512132427006056,0.07844164747027518,0.244604296154446,0.096437825096978,0.0444614291191101,-0.1083405166864395,0.0990676283836365,-0.6759388710220143,0,0.0,0.4203
2020-02-24,162.32952880859375,1.0,MSFT,169.47538299560546,0.0,171.17102157134417,46.29555069776181,3.651965391293288,4.882073147235995,-1.230107755942707,0.2650937173595385,5.067009779245745,-0.7654498770041631,-0.0431153715559093,0.0,1.9459101490553128,0.07524613241354622,0.09512132427006056,0.05229443164685013,-0.009272888302803,0.244604296154446,0.096437825096978,0.009579708178838,-0.009579708178838,-0.6158981322106064,0,0.0128205128205128,0.1270666666666666
2020-02-25,159.6508331298828,0.0,MSFT,169.77137603759766,0.0,169.39868488804242,34.70612288965911,2.462460045041041,4.3981505267970045,-1.9356904817559633,0.14138532507067822,5.131272358376399,-1.9023616473140144,-0.0165015921525247,0.3704912066459656,1.0986122886681096,0.14045208791891733,0.12110964199810315,0.15836002331322196,0.0,-0.009272888302803,0.244604296154446,0.0444614291191101,0.32602977752685547,1.6101168228482479,1,0.1051282051282051,0.50005
2020-02-26,161.6456298828125,0.0,MSFT,170.01648483276367,0.0,168.20590719493012,38.3543389408574,1.6615782749057075,3.8508360764187453,-2.1892578015130377,0.18542618170657651,5.091631855748067,-1.0990837321878768,0.0124947469037435,0.0711111625035603,2.302585092994046,0.13538675540023376,0.1167867350668618,0.1292770697100014,0.3704912066459656,0.0,-0.009272888302803,0.096437825096978,-0.025326662593417704,-0.29464411381796973,0,0.0252956919623586,0.2129888888888889
2020-02-27,150.25621032714844,1.0,MSFT,169.56992111206054,0.0,165.44441536911756,23.97883332668789,0.1066137522691406,3.1019916115888244,-2.995377859319684,-0.13169163729009514,5.6534816197078595,-2.322770173977025,-0.0704591863319843,-0.0848738803313328,2.639057329615259,0.06949112010307802,0.09979189538941793,0.05789341969622336,0.0711111625035603,0.3704912066459656,0.0,0.244604296154446,-0.3294781764857788,-1.1711745807687932,0,-0.0170618854829381,0.2138384615384615
2020-02-28,153.89437866210938,0.0,MSFT,169.08074951171875,0.0,163.66748664496245,29.248548784690016,-0.8226540122756774,2.3170624868159244,-3.1397164990916018,0.04386524604810098,6.234863770708052,-0.8128226369173672,0.0242130979281298,-0.2281644344329834,1.6094379124341005,0.025712810877041935,0.06581271791444235,-0.03745919834684556,-0.0848738803313328,0.0711111625035603,0.3704912066459656,-0.009272888302803,-0.2188915461301804,-1.946927244527865,1,-0.0108695652173913,-0.0250749999999999
2020-03-02,164.1343231201172,0.0,MSFT,169.22436065673827,0.0,163.7393076411401,36.61106949790445,-0.724476161496483,1.708754757153443,-2.433230918649926,0.3449169302682702,6.596858566079926,0.19708230174506536,0.0665387816438094,-0.0207921266555786,1.9459101490553128,0.021554385545926216,0.0647731115816634,-0.03190350778308991,-0.2281644344329834,-0.0848738803313328,0.0711111625035603,0.0,-0.0207921266555786,-0.5646267829689884,1,-0.0035714285714285,0.2833666666666667
2020-03-03,156.2690887451172,0.0,MSFT,168.77813796997071,0.0,162.59004319559813,34.21206806254017,-1.266726158333313,1.1136585740560918,-2.3803847323894045,0.13912699144798865,6.974081191489235,-0.859498535115911,-0.0479194980396882,0.0,1.9459101490553128,-0.0525438557832669,0.05785594839385616,-0.021269005188726608,-0.0207921266555786,-0.2281644344329834,-0.0848738803313328,0.3704912066459656,-0.3704912066459656,-0.3827337079193306,0,0.0151515151515151,0.0446166666666666
2020-03-04,162.00657653808594,0.0,MSFT,168.3469123840332,0.0,162.50027909444242,39.853399887146225,-1.2194389397967598,0.6470390712855215,-1.8664780110822812,0.31951923910172364,7.123416294048598,-0.10104184029322699,0.0367154364247102,0.3025859991709391,1.3862943611198906,-0.0062488884497911455,0.05601525106560654,0.08668266293116195,0.0,-0.0207921266555786,-0.2281644344329834,0.0711111625035603,0.23147483666737878,1.6689316618085994,0,0.0238095238095238,0.2612666666666667
2020-03-05,157.9409942626953,0.0,MSFT,167.7228256225586,0.0,161.798850658789,37.999817927330255,-1.492813762743225,0.21906850447977227,-1.7118822672229972,0.23026617189689227,7.247524658613522,-0.7911467634803719,-0.0250951681238376,-0.3864808082580566,1.0986122886681096,-0.0665702740351359,0.03773857900034852,-0.07103849413191089,0.3025859991709391,0.0,-0.0207921266555786,-0.0848738803313328,-0.3016069279267238,-2.3913580839540436,0,0.0,-0.24695
2020-03-06,153.47642517089844,0.0,MSFT,166.69883499145507,0.0,160.51847750680585,34.19775191984161,-2.0461321554201675,-0.23397162750021566,-1.8121605279199517,0.1510333474774191,7.757592239799649,-1.6406291857146993,-0.0282673229495515,0.0,0.6931471805599453,-0.02093738714853922,0.03587968020172385,-0.0473589960879406,-0.3864808082580566,0.3025859991709391,0.0,-0.2281644344329834,0.2281644344329834,-0.20202783393308701,0,0.0,-0.1027
2020-03-09,143.07489013671875,0.0,MSFT,165.1424545288086,0.0,157.83484868063863,28.17939945016886,-3.28607805377203,-0.8443929127545786,-2.4416851410174516,-0.017637954798152704,8.383611603423313,-2.1327288519636567,-0.0677728519060657,0.5812448461850485,1.3862943611198906,0.0994700074195862,0.06494192251097627,0.16217561800305574,0.0,-0.3864808082580566,0.3025859991709391,-0.0207921266555786,0.6020369728406271,2.401072018217291,1,0.0,0.2502
2020-03-10,152.85899353027344,0.0,MSFT,163.8474494934082,0.0,157.06933250365938,35.74522275288268,-3.439599178592971,-1.363434165922257,-2.076165012670714,0.23808062582052136,8.973915995164878,-1.2188514338025616,0.0683844899982466,-0.1976936340332031,1.791759469228055,0.05993128061294557,0.053888831006619196,0.04221920065763615,0.5812448461850485,0.0,-0.3864808082580566,0.0,-0.1976936340332031,-1.1290833467408332,1,0.0,-0.05996
2020-03-11,145.9342041015625,0.0,MSFT,162.4079818725586,0.0,155.3562358264137,34.11089626505523,-4.0730864054172,-1.905364613821246,-2.1677217915959544,0.12164831566022073,9.217498189419654,-1.637641091157574,-0.0453018122701396,0.3309626281261444,1.0986122886681096,0.06560660640398663,0.06577945980506066,0.13846700981380555,-0.1976936340332031,0.5812448461850485,0.0,0.3025859991709391,0.02837662895520532,1.146922505455673,1,0.0,0.17
2020-03-12,132.09400939941406,1.0,MSFT,160.2637161254883,0.0,151.77743176072144,31.288502908086343,-5.627052483523016,-2.6497021877616,-2.977350295761416,-0.06805660399666234,9.752161068440216,-2.1883259909319244,-0.0948385937851581,0.0,0.6931471805599453,0.14290276805559796,0.05079304062403165,0.09231133987587038,0.3309626281261444,-0.1976936340332031,0.5812448461850485,-0.3864808082580566,0.3864808082580566,-0.2258694768732654,0,0.0,0.2732
2020-03-13,150.87364196777344,0.0,MSFT,159.10579833984374,160.0312857055664,151.63838717719096,44.87680623299742,-5.282330972500063,-3.176227944709293,-2.1061030277907697,0.3302256713495542,10.260361338419889,-1.1617110767091443,0.1421686922347493,-0.0151445090770721,1.791759469228055,0.13987386624018355,0.05545284100450002,0.0564927235582229,0.0,0.3309626281261444,-0.1976936340332031,0.0,-0.0151445090770721,-0.3174936962003661,1,0.0,0.0845799999999999
2020-03-16,128.6363525390625,1.0,MSFT,156.75833587646486,159.56084442138672,148.0996126174789,38.195100493217026,-6.725967338832248,-3.8861758235338844,-2.839791515298364,-0.03037192733542371,11.389391100788206,-1.7373229830815893,-0.1473901546928974,0.0,1.3862943611198906,0.023624897003173828,0.05497385559555813,0.03766181570548194,-0.0151445090770721,0.0,0.3309626281261444,0.5812448461850485,-0.5812448461850485,-0.24710396180394537,0,0.0,0.0
2020-03-17,139.2278289794922,1.0,MSFT,154.85139923095704,159.3401251220703,146.7347228270194,41.9913215554391,-6.935468168045901,-4.496034292436288,-2.4394338756096126,0.196578889458739,11.885378841010558,-0.922611523599639,0.0823365730710796,0.444110095500946,1.0986122886681096,0.15198564291000363,0.07495628891464992,0.17314457563730326,0.0,-0.0151445090770721,0.0,-0.1976936340332031,0.6418037295341491,1.5457032319311363,0,0.0,0.5005999999999999
2020-03-18,133.3668670654297,1.0,MSFT,152.62481689453125,158.99441925048828,144.67812963292866,43.71820966648612,-7.4881114414228875,-5.094449722233608,-2.3936617191892795,0.11555286164065684,11.841953917593822,-1.5561153709797246,-0.0420961955452584,-0.2079027593135833,2.19722457733622,0.0442125654220581,0.059739259694121846,0.046128797320341086,0.444110095500946,0.0,-0.0151445090770721,0.3309626281261444,-0.5388653874397277,-1.0838219601000603,0,0.0104166666666666,0.114775
2020-03-19,135.5611572265625,1.0,MSFT,150.6437858581543,158.7200714111328,143.2755184934877,43.107142471948066,-7.660716369916486,-5.607703051770184,-2.053013318146302,0.1827266373776137,11.803956591494199,-0.6584793429635185,0.0164530382201772,0.4846106767654419,1.3862943611198906,0.14113470077514648,0.07173957872467165,0.19228942380204134,-0.2079027593135833,0.444110095500946,0.0,0.0,0.4846106767654419,1.577139168037103,0,0.0,0.4621
2020-03-20,130.46963500976562,1.0,MSFT,148.6850784301758,158.29633850097656,141.30538257291508,36.83313569351285,-8.114807856886273,-6.109124012793402,-2.0056838440928706,0.11461255635798959,11.826350520803867,-1.4090790456514501,-0.0375588577212235,0.2337145805358886,1.791759469228055,0.19090651869773861,0.08388895216660623,0.20609780937999042,0.4846106767654419,-0.2079027593135833,0.444110095500946,-0.0151445090770721,0.2488590896129607,0.5686838795897282,1,0.0414786967418546,0.28492
2020-03-23,129.1683349609375,1.0,MSFT,147.02701873779296,157.8086865234375,139.43814447876468,38.826710733869156,-8.481908508898613,-6.5836809120144455,-1.8982275968841673,0.13173584393494658,11.508132037103357,-1.9143388496666711,-0.00997396864589,-0.2558715684073312,2.079441541679836,0.13973220501627237,0.07109537374623967,0.05210801678421656,0.2337145805358886,0.4846106767654419,-0.2079027593135833,0.0,-0.2558715684073312,-1.1943580709399193,0,-0.0226890756302521,0.0386857142857142
2020-03-24,140.9091339111328,1.0,MSFT,146.08993377685547,157.57005981445312,139.66445054528288,41.71206529826188,-7.736275103378176,-6.814199750287192,-0.9220753530909844,0.3903941291919315,12.012255072086655,-1.0098352927882228,0.0908953340131379,0.0852094093958536,1.3862943611198906,0.0679520677952539,0.056831283883734075,0.06314181432142892,-0.2558715684073312,0.2337145805358886,0.4846106767654419,0.444110095500946,-0.3589006861050924,0.10724174823650555,0,0.0,0.0168
2020-03-25,139.56027221679688,1.0,MSFT,144.98566589355468,157.26769958496095,139.64842311013118,42.621818194736385,-7.171528210243622,-6.885665442278478,-0.28586276796514376,0.3800505998648796,12.331831186077096,-1.529127917616092,-0.0095725639417145,0.2050134241580963,1.6094379124341005,0.1505353044895898,0.06352639696646087,0.11043235093365138,0.0852094093958536,-0.2558715684073312,0.2337145805358886,-0.2079027593135833,0.4129161834716796,0.530540984962826,1,0.025,0.2441999999999999
2020-03-26,148.2899169921875,0.0,MSFT,144.88735122680663,157.1617202758789,140.9778837073706,47.98701657880645,-5.950953959064378,-6.698723145635659,0.747769186571281,0.5754923686086729,12.295869770201262,-0.8628734441659572,0.0625510730004148,0.4348150789737701,1.0986122886681096,0.14057618493125545,0.08951084493171602,0.21855992694702425,0.2050134241580963,0.0852094093958536,-0.2558715684073312,0.4846106767654419,-0.04979559779167181,1.2483985324414562,0,-0.05,0.15445
2020-03-27,142.20101928710938,1.0,MSFT,144.30268325805665,156.91406951904298,141.1660584119458,49.64908664490069,-5.412570485650235,-6.441492613638575,1.0289221279883396,0.45257005234799513,11.97968253338958,-1.2407212660662283,-0.041060766831496,-0.3229710012674331,1.6094379124341005,0.02923906857059111,0.08477051658999353,0.03804961754220515,0.4348150789737701,0.2050134241580963,0.0852094093958536,0.2337145805358886,-0.5566855818033217,-1.4404498915630588,0,0.0009216589861751,-0.19785
2020-03-30,152.20355224609375,1.0,MSFT,143.70614471435547,156.80982055664063,142.8641343864301,49.737260578664085,-4.13115549994356,-5.979425190899573,1.8482696909560126,0.7073874052416108,12.012926432742963,-0.6055066372808926,0.0703407964944953,-0.1925012469291687,1.791759469228055,0.0419131328662236,0.07618506057631402,-0.038800670614919465,-0.3229710012674331,0.4348150789737701,0.2050134241580963,-0.2558715684073312,0.06337032147816252,-0.9297815097228793,1,0.0001422475106685,0.20812
2020-03-31,149.80979919433594,1.0,MSFT,143.3831802368164,156.64007537841798,143.93269820303098,51.612128868754475,-3.2710738543028413,-5.437754923580227,2.166681069277386,0.6619076373482156,11.90775968924461,-1.2662770824928133,-0.0157273139583984,0.1098868052164713,1.9459101490553128,0.04684861203034714,0.08167940083713758,0.010761821328877454,-0.1925012469291687,-0.3229710012674331,0.4348150789737701,0.0852094093958536,0.024677395820617704,0.09777351510753528,1,0.0360305958132045,0.0903833333333333
2020-04-01,144.49032592773438,1.0,MSFT,142.50736770629882,156.37530944824218,144.01848708375456,55.54990518628753,-2.9842889639792816,-4.947061731660039,1.9627727676807574,0.5556083715725683,11.356809792555245,-1.7814387892767045,-0.0355081796732205,0.0868879556655883,1.791759469228055,0.02322351833184554,0.07089449866187006,0.036137199441114404,0.1098868052164713,-0.1925012469291687,-0.3229710012674331,0.2050134241580963,-0.11812546849250802,0.05635506343984096,1,-0.0054054054054054,-0.01114
2020-04-02,147.48248291015625,1.0,MSFT,141.98444213867188,156.18554290771485,144.5514095185856,48.23179977344047,-2.486900370809167,-4.4550294594898645,1.9681290886806977,0.6667420660942049,10.153821982176359,-1.1893736776970076,0.0207083551318056,0.0,0.6931471805599453,-0.06373949746290848,0.09021853907477288,0.024091466294076273,0.0868879556655883,0.1098868052164713,-0.1925012469291687,0.4348150789737701,-0.4348150789737701,-0.3424582947345937,0,0.0,0.0
2020-04-03,146.1241455078125,1.0,MSFT,141.61682815551757,155.94928436279298,144.79336890154357,61.656351617272,-2.1772251077339604,-3.999468589138684,1.8222434814047235,0.6433836349764508,8.889091231578268,-1.554892385930997,-0.009210160932612,0.2848554849624634,1.791759469228055,0.05782579978307082,0.10446131332289606,0.1110128058502053,0.0,0.0868879556655883,0.1098868052164713,-0.3229710012674331,0.6078264862298965,0.6781801807389073,1,0.0125,0.07676
2020-04-06,156.99102783203125,1.0,MSFT,142.3126350402832,155.96219421386718,146.6699318139263,61.79661126184014,-1.04291655259226,-3.408158181829399,2.365241629237139,0.9277973092913022,8.900621916692836,-0.6369452769900346,0.0743674653251453,0.0,1.6094379124341005,0.09632604916890455,0.07539907101364363,0.07400853723347021,0.2848554849624634,0.0,0.0868879556655883,-0.1925012469291687,0.1925012469291687,-0.3118019965711143,0,0.0227272727272727,0.3732
2020-04-07,155.30027770996094,1.0,MSFT,142.43469924926757,155.99358032226561,147.99767733639317,65.42017495453636,-0.2772028333433525,-2.78196711213219,2.5047642787888376,0.8675258874406097,8.574259660579683,-1.3622860841066162,-0.0107697245213228,0.3955225646495819,1.9459101490553128,0.15345320105552668,0.10505988094778287,0.18117987970550745,0.0,0.2848554849624634,0.0,0.1098868052164713,0.2856357594331106,1.1956350003025893,1,0.0795454545454545,0.0171166666666666
2020-04-08,156.8580780029297,1.0,MSFT,142.98089294433595,155.99587280273437,149.3608159004757,65.10790393481058,0.4501432986508007,-2.1355450299755923,2.585688328626393,0.8728509755263413,8.033488147730521,-0.6220455452650484,0.0100308918692217,0.2643220680100577,2.079441541679836,0.18894002352442058,0.10172785294197854,0.20889394247369086,0.3955225646495819,0.0,0.2848554849624634,0.0868879556655883,0.1774341123444694,0.6771512368319267,0,0.0075187969924812,0.2448714285714285
2020-04-09,156.8676300048828,1.0,MSFT,144.21957397460938,155.9494757080078,150.5157103780768,70.18172451758625,1.0156335241735235,-1.5053093191457692,2.5209428433192924,0.8354079133173897,7.544964267954009,0.14383869310103542,6.089582426827001e-05,-0.1282427459955215,1.6094379124341005,0.16329147432531627,0.09531571564220247,0.09651504631728676,0.2643220680100577,0.3955225646495819,0.0,0.0,-0.1282427459955215,-0.9138104442588197,1,0.0,0.0
2020-04-13,157.21905517578125,1.0,MSFT,144.53684463500977,155.82030059814454,151.54699419310825,71.76132118265508,1.4751411672140193,-0.9092192218738115,2.384360389087831,0.8247232190790726,7.220638956957621,0.8742774516792603,0.0022402656997335,0.3226367592811584,1.791759469228055,0.17084772918905528,0.11220477906011399,0.17188895063857734,-0.1282427459955215,0.2643220680100577,0.3955225646495819,0.2848554849624634,0.037781274318695046,0.8476613063409905,0,0.0153846153846153,0.29986
2020-04-14,164.99876403808594,0.0,MSFT,146.35496520996094,155.8950338745117,153.61649724618172,69.9121500164722,2.4389471082732825,-0.23958595584439268,2.6785330641176754,0.9647418271928189,6.855604429161054,1.555803170443741,0.0494832439592418,0.3041234612464905,1.3862943611198906,0.23167242143835337,0.12741095212243853,0.21596712084121505,0.3226367592811584,-0.1282427459955215,0.2643220680100577,0.0,0.3041234612464905,0.7059433908934223,0,0.0,0.2114666666666667
2020-04-15,163.26998901367188,1.0,MSFT,147.55707321166992,155.85656280517577,155.1016498257956,69.47579889079294,3.028363474867632,0.4140039302980123,2.61435954456962,0.872101818428218,6.487172501140555,1.0428235104454804,-0.0104775028739912,0.3093088467915852,1.3862943611198906,0.21442967786675404,0.12067088968697046,0.24708102949133845,0.3041234612464905,0.3226367592811584,-0.1282427459955215,0.3955225646495819,-0.0862137178579967,0.7761145839205669,1,0.0303030303030303,0.2645666666666666
2020-04-16,168.1714630126953,0.0,MSFT,149.29730300903321,155.80737030029297,157.11239031608787,67.42725852285267,3.8466464346586235,1.1005324311701346,2.746114003488489,0.9306923100435865,6.1926982521179905,1.650066837410292,0.0300206671699658,0.1254284009337425,2.19722457733622,0.18665094445149097,0.13733744769933676,0.20653015330547314,0.3093088467915852,0.3041234612464905,0.3226367592811584,0.2643220680100577,-0.1388936670763152,-0.051679871965461,0,0.0,0.3369875
2020-04-17,169.65330505371094,0.0,MSFT,151.0019104003906,155.79198181152344,159.04176181418373,76.17771207489353,4.562124512585484,1.7928508474532046,2.7692736651322796,0.9107844092477644,6.0040744968469175,2.2261339905298034,0.0088114952113116,-0.2188505132993062,1.3862943611198906,0.16852939099073408,0.10216438819609937,0.06473659777054672,0.1254284009337425,0.3093088467915852,0.3041234612464905,-0.1282427459955215,-0.0906077673037847,-1.4059892810559178,1,0.0,0.1741666666666666
2020-04-20,166.29067993164062,0.0,MSFT,152.79296264648437,155.63867065429687,160.15697998610017,65.38078869995655,4.8024506378321234,2.3947708055289882,2.407679832303135,0.8138701931230856,5.519619925144672,1.5525952706719073,-0.0198205694902656,-0.0232147276401519,2.3978952727983707,0.09935909360647198,0.08931792278729733,0.03541948930031385,-0.2188505132993062,0.1254284009337425,0.3093088467915852,0.3226367592811584,-0.34585148692131035,-0.4940936185453431,0,0.0153846153846153,0.26389
2020-04-21,159.413330078125,1.0,MSFT,154.30521240234376,155.34288726806642,160.04257230795014,59.550401529091246,4.387391053766777,2.793294855176546,1.5940961985902309,0.6376181276021511,5.569152916926738,0.756524474563308,-0.0413573981196228,-0.0135634758255698,2.4849066497880004,0.03582170619205993,0.1014333274163854,0.019091834258352633,-0.0232147276401519,-0.2188505132993062,0.1254284009337425,0.3041234612464905,-0.3176869370720603,-0.5361527013748209,0,0.0409090909090909,0.1532363636363636
2020-04-22,164.82777404785156,1.0,MSFT,155.5011444091797,155.06426086425782,160.7787571910119,70.18680482834851,4.444124618779028,3.1234608078970427,1.3206638108819857,0.7590947019074988,5.518263471012625,1.114748204015869,0.0339648131500236,0.1373346149921417,2.302585092994046,0.001426859832171229,0.10403958769619981,0.05850609450294898,-0.0135634758255698,-0.0232147276401519,-0.2188505132993062,0.3093088467915852,-0.17197423179944352,0.15515334949267712,0,0.021004921004921,0.2597555555555556
2020-04-23,162.83297729492188,1.0,MSFT,156.66477966308594,154.82644927978515,161.09479105315188,65.54456424662149,4.2787996125716745,3.3545285688319693,0.9242710437397053,0.6856192604909975,5.452448437964689,0.6420021194027015,-0.0121023096043908,0.0,2.19722457733622,-0.02365882035457727,0.09378891648829499,0.039004063001965995,0.1373346149921417,-0.0135634758255698,-0.0232147276401519,0.1254284009337425,-0.1254284009337425,-0.4374205430268606,0,0.0096153846153846,0.2509875
2020-04-24,165.80621337890625,0.0,MSFT,157.54059448242188,154.6429870605469,161.8196252571141,69.2996788484028,4.337691450731938,3.551161145211963,0.7865303055199755,0.7489185385693564,5.361528012909529,0.9859864542206788,0.018259422221331,0.5224247932434082,1.791759469228055,0.1245962409539656,0.0981694022017769,0.20014430641578004,0.0,0.1373346149921417,-0.0135634758255698,-0.2188505132993062,0.7412753065427143,1.9068488676529871,0,0.0119642857142857,0.38106
2020-04-27,165.33120727539062,1.0,MSFT,158.69710388183594,154.4689712524414,162.35986864454125,60.27146423360627,4.296507173788115,3.7002303509271934,0.5962768228609212,0.7171813935744754,4.746127381720058,0.5263986837695201,-0.0028648269195444,-0.0033644437789916,1.9459101490553128,0.12856629772619765,0.11414973007619897,0.13230805635085618,0.5224247932434082,0.0,0.1373346149921417,-0.0232147276401519,0.019850283861160303,-0.5843583219324096,0,0.0358796296296296,0.2001499999999999
2020-04-28,161.3036651611328,1.0,MSFT,159.1521095275879,154.18333251953126,162.19737580093994,56.99115723573526,3.8939918346031277,3.7389826476623806,0.15500918694074706,0.571726213794882,4.714915657560872,0.10549172732362042,-0.0243604470119738,-0.1379790306091308,2.079441541679836,0.10368318676948544,0.11687584089220086,0.04221236069752721,-0.0033644437789916,0.5224247932434082,0.0,-0.0135634758255698,-0.124415554783561,-1.2933343049590447,0,0.0300556586270872,0.1227285714285714
2020-04-29,168.54190063476562,1.0,MSFT,160.08871459960938,154.0068392944336,163.17345654460541,62.01643451757148,4.111663936162756,3.8135189053624563,0.29814503080029997,0.7840253543897363,5.033134375273771,0.649796209115006,0.044873347833741,-0.472489558160305,2.19722457733622,-0.01828164786100389,0.08775702272336207,-0.12935494558841687,-0.1379790306091308,-0.0033644437789916,0.5224247932434082,0.1373346149921417,-0.6098241731524467,-2.362915325188658,1,0.0224358974358974,0.141675
2020-04-30,170.23277282714844,1.0,MSFT,161.37583694458007,153.85352447509766,164.2595052034582,63.286134758937784,4.37023257881512,3.924861640052989,0.44537093876213074,0.8256663662789481,5.041955180095987,1.2160313161824132,0.0100323550761836,0.0231887485299791,2.70805020110221,-0.013643898155008067,0.0845720623665816,-0.07850704754895156,-0.472489558160305,-0.1379790306091308,-0.0033644437789916,0.0,0.0231887485299791,-0.25841314040726243,0,0.0279220779220779,0.3247142857142857
2020-05-01,165.8251953125,1.0,MSFT,162.29297256469727,153.66639282226564,164.50038060484923,57.916824578690715,4.171410003327878,3.974171312707967,0.19723869061991106,0.646718396249144,5.172907919221395,0.6322749462864233,-0.0258914746053265,0.062896796635219,2.079441541679836,-0.10554949747664591,0.08771690219834255,-0.03137243282089472,0.0231887485299791,-0.472489558160305,-0.1379790306091308,0.5224247932434082,-0.4595279966081892,-0.10482527193778265,1,0.0288461538461538,0.0218714285714285
2020-05-04,169.88128662109375,1.0,MSFT,163.48082962036133,153.67114288330077,165.32821229965606,54.82178091600593,4.291662733721921,4.037669596910758,0.25399313681116276,0.8265488069762021,4.966643930013981,0.9877986266411701,0.0244600424015781,0.0860660001635551,2.833213344056216,-0.08766340868813656,0.07777742795839714,0.00777371150725522,0.062896796635219,0.0231887485299791,-0.472489558160305,-0.0033644437789916,0.0894304439425467,0.035696918727979865,0,-0.0027071886446886,0.1330874999999999
2020-05-05,171.7051239013672,1.0,MSFT,164.21653442382814,153.85865478515626,166.30927562299624,58.31458507617673,4.482461291474465,4.1266279358235,0.3558333556509652,0.8760557428837746,4.9903966811715135,1.40193484050545,0.0107359516551188,0.5827142085347857,2.079441541679836,0.05647523914064675,0.10691313838513641,0.19942054384976537,0.0860660001635551,0.062896796635219,0.0231887485299791,-0.1379790306091308,0.7206932391439165,1.8503632017896652,0,0.0268557422969187,0.3390142857142857
2020-05-06,173.39593505859375,0.0,MSFT,165.12131729125977,154.13355682373046,167.39953092078048,55.497792957052184,4.715744683549673,4.244451285368735,0.4712933981809382,0.9207473627177046,4.857411159697735,1.8932373445612387,0.0098471793899279,0.1238414536822925,2.4849066497880004,0.17574144150916626,0.09332908283677195,0.1742275137939411,0.5827142085347857,0.0860660001635551,0.062896796635219,-0.472489558160305,0.5963310118425975,0.12298028978264257,0,0.0136363636363636,0.2288181818181818
2020-05-07,174.40286254882812,0.0,MSFT,165.9985565185547,154.38870147705077,168.47696655586472,55.048493709068886,4.925100591848945,4.3805811466647775,0.544519445184168,0.9261949644449277,4.713569548410378,2.2178801149964347,0.005807099744836,0.3257404342293739,2.19722457733622,0.23625177864904517,0.09640000114773775,0.22473182060575203,0.1238414536822925,0.5827142085347857,0.0860660001635551,0.0231887485299791,0.3025516856993948,0.9147923348567361,0,0.0,0.3389
2020-05-08,175.42872619628906,0.0,MSFT,166.926611328125,154.8921517944336,169.54646803900692,60.22093582497988,5.114834650378299,4.527431847407482,0.5874028029708169,0.9367093913539452,4.569726818629358,2.3447825541094787,0.0058821491371663,0.0362961180508136,2.833213344056216,0.23093164293216412,0.10462694435005451,0.16191991975410588,0.3257404342293739,0.1238414536822925,0.5827142085347857,0.062896796635219,-0.026600678584405395,-0.2782313017503635,0,0.0041666666666666,0.19838125
2020-05-11,177.38555908203125,0.0,MSFT,167.9349365234375,155.36197540283203,170.75248204562604,72.58835099368738,5.361298605634261,4.6942051990528375,0.6670934065814231,0.9882477726589759,4.278645185291554,2.3172197796693585,0.0111545750127186,0.1361054994843223,2.4849066497880004,0.24093954279631755,0.09530038136021271,0.15331511299751135,0.0362961180508136,0.3257404342293739,0.1238414536822925,0.0860660001635551,0.05003949932076719,0.1697657625413743,0,0.0,0.1356636363636363
2020-05-12,173.36744689941406,1.0,MSFT,168.3533706665039,155.54663787841798,171.1547843308242,61.12349581499478,5.1727665605048685,4.789917471343244,0.3828490891616241,0.7541237615431902,4.180941824931076,1.6180430464680442,-0.0226518562357098,-0.0206851422786712,2.3978952727983707,0.12025967263362618,0.07905995118395462,0.0953150279054505,0.1361054994843223,0.0362961180508136,0.3257404342293739,0.5827142085347857,-0.603399350813457,-0.42184343293265864,0,-0.0037037037037037,0.17419
2020-05-13,170.7457275390625,1.0,MSFT,168.72715759277344,155.83617065429686,171.091852516707,60.14125833974124,4.75696735611038,4.783327448296672,-0.026360092186291872,0.6049387377949877,4.408920551849446,0.9222133456371276,-0.0151223277912874,-0.16335298798301,2.4849066497880004,0.06282078430056569,0.05542685944522485,0.009092355942630345,-0.0206851422786712,0.1361054994843223,0.0362961180508136,0.1238414536822925,-0.2871944416653025,-0.9276369776930705,0,-0.0053475935828877,0.2254363636363636
2020-05-14,171.48663330078125,1.0,MSFT,168.89291610717774,156.0257717895508,171.15258802194919,57.72208845204767,4.436091888005535,4.713880336238445,-0.2777884482329096,0.6338138423546886,4.48762835330457,1.329098062864327,0.0043392345588808,0.076457573307885,2.302585092994046,0.012964212116267915,0.05297831806393198,0.031547428397715224,-0.16335298798301,-0.0206851422786712,0.1361054994843223,0.3257404342293739,-0.24928286092148888,0.09976947591514476,0,0.0101010101010101,0.2211555555555555
2020-05-15,173.98489379882812,1.0,MSFT,169.1094955444336,156.34664978027342,171.58832737223824,61.15062649624543,4.333431411266133,4.637790551243983,-0.3043591399778496,0.744917869845261,4.9259429024646595,1.6894164334671156,0.0145682520553367,-0.0712814601984891,3.1354942159291497,-0.008551303533592626,0.060356770718972844,-0.0027288678010195487,0.076457573307885,-0.16335298798301,-0.0206851422786712,0.0362961180508136,-0.1075775782493027,-0.5758949613899647,1,-0.007070707070707,0.1188636363636363
2020-05-18,175.64724731445312,0.0,MSFT,169.57732391357422,156.79006622314452,172.21277659411746,69.6819592073289,4.336224977331938,4.5774774364615745,-0.24125245912963678,0.7955229230575075,4.706108148080198,1.8037455014928552,0.0095545853397314,0.4106449584166209,1.9459101490553128,0.0463565882528671,0.08204975502181149,0.1350624076048606,-0.0712814601984891,0.076457573307885,-0.16335298798301,0.1361054994843223,0.2745394589322986,1.3662560310291727,0,0.0,0.1588666666666666
2020-05-19,174.4313201904297,0.0,MSFT,170.32822341918944,157.41719482421874,172.55409099355012,59.68142056408587,4.192000963902046,4.500382141949669,-0.30838117804762266,0.7208313841239133,4.3831436798790815,1.357736881902354,-0.00692255154928,0.1353728175163269,1.791759469228055,0.07756818021186672,0.08949656968890632,0.13516587757534937,0.4106449584166209,-0.0712814601984891,0.076457573307885,-0.0206851422786712,0.1560579597949981,0.1913935586208661,1,0.0133333333333333,0.05464
2020-05-20,176.85086059570312,0.0,MSFT,170.92937774658202,157.89703216552735,173.21513247080443,60.62472104543475,4.224244621448577,4.445154637849451,-0.22091001640087438,0.8167485191220937,4.285959306570258,1.4943249801526959,0.0138710204258729,0.1887577176094055,1.791759469228055,0.1479903213303498,0.0920677248197695,0.15302982425336809,0.1353728175163269,0.4106449584166209,-0.0712814601984891,-0.16335298798301,0.35211070559241553,0.4020199190967633,0,0.0,0.10024
2020-05-21,174.7266387939453,0.0,MSFT,171.5240608215332,158.472880859375,173.4476719051338,65.42101581793122,4.031913615437986,4.362506433367158,-0.3305928179291717,0.6847554987802966,4.1631088525862765,1.0889880743054345,-0.012011373846882,0.8451520204544067,1.3862943611198906,0.3017292107596542,0.13432532584248985,0.3837372229870476,0.1887577176094055,0.1353728175163269,0.4106449584166209,0.076457573307885,0.7686944471465218,2.432844466159847,1,0.0222222222222222,0.0910666666666666
2020-05-22,174.80284118652344,0.0,MSFT,171.97389221191406,159.32705749511717,173.65615948688605,59.889981510270545,3.8413580196474584,4.258276750623218,-0.4169187309757598,0.6694905858120465,3.9409232592592724,1.1771392666732337,0.0004361234961314,-0.7502886056900024,0.6931471805599453,0.1659277816613515,0.0706896558958193,0.0057286134280309375,0.8451520204544067,0.1887577176094055,0.1353728175163269,-0.0712814601984891,-0.6790071454915133,-2.4276437698387396,1,0.0277777777777777,0.3818
2020-05-26,172.95489501953125,1.0,MSFT,172.3550765991211,159.76868255615236,173.54827264575454,52.50901382477186,3.5008716561239055,4.106795731723356,-0.6059240755994502,0.5387349843291666,3.9819738774457494,0.7288806431488509,-0.0105716025806488,0.0,0.6931471805599453,0.08379878997802732,0.07085787808476889,0.0038190756186872923,-0.7502886056900024,0.8451520204544067,0.1887577176094055,0.4106449584166209,-0.4106449584166209,-0.209551209374186,0,0.0,0.25
2020-05-27,173.1835174560547,1.0,MSFT,172.94906921386718,160.6596258544922,173.49215646272378,49.54695718336958,3.212450549654335,3.927926695309552,-0.715476145655217,0.5204388642365814,4.115302191518225,1.1058794762785589,0.0013218616130963,0.3379977822303772,1.791759469228055,0.12432378292083737,0.09465671872674428,0.11521197782258392,0.0,-0.7502886056900024,0.8451520204544067,0.1353728175163269,0.20262496471405028,0.7169387012993448,0,0.0181818181818181,0.1981399999999999
2020-05-28,172.79296875,1.0,MSFT,173.1616226196289,161.33092864990235,173.38458912230473,46.47371580367302,2.9187155916848724,3.7260844745846162,-0.8073688828997438,0.465544926926158,4.235429016928598,0.6287045559176261,-0.0022551147579837,0.3221704140305519,2.19722457733622,0.15100632220506666,0.13438971733628713,0.18419812322523993,0.3379977822303772,0.0,-0.7502886056900024,0.1887577176094055,0.13341269642114642,0.5957926770744916,1,0.0104166666666666,0.4107
2020-05-29,174.55517578125,1.0,MSFT,173.37774276733398,162.15469482421875,173.56467937752709,48.14638293904294,2.7958945690827477,3.540046493484243,-0.7441519244014954,0.6132432923419592,4.386786565032657,1.0944182963434133,0.0101983723296033,-0.6529318690299988,0.6931471805599453,-0.14861045569181447,0.10058368645828823,-0.09484520752650628,0.3221704140305519,0.3379977822303772,0.0,0.8451520204544067,-1.4980838894844055,-2.0890060464370883,1,0.0,0.0
2020-06-01,174.15512084960938,1.0,MSFT,173.79423904418945,162.9265740966797,173.65551652707822,42.6603042796344,2.6358920118809124,3.359215597163577,-0.7233235852826647,0.5475263389707802,4.192393220204161,0.7337243928539164,-0.0022918537353596,-0.0446040779352188,1.6094379124341005,-0.007473550140857729,0.09520864272976634,-0.07809816432941047,-0.6529318690299988,0.3221704140305519,0.3379977822303772,-0.7502886056900024,0.7056845277547836,-0.38612193818935425,0,0.0666666666666666,0.651775
2020-06-02,176.1363983154297,1.0,MSFT,174.10699462890625,163.83990936279298,174.03719064836307,56.9328514449012,2.638545851667061,3.215081648064274,-0.5765357963972129,0.7937259022561729,4.119126156283007,1.2163355746833642,0.0113765099536247,0.0,0.0,-0.007473550140857729,0.0909053427215886,-0.05206544288627365,-0.0446040779352188,-0.6529318690299988,0.3221704140305519,0.0,0.0,-0.25062126318745026,0,0.0,0.0
2020-06-03,176.5650634765625,1.0,MSFT,174.34999160766603,164.78784393310548,174.42609416039375,66.36784387510558,2.644751683707625,3.101015655192944,-0.45626397148531916,0.8231969994517268,3.77014151988114,1.6610486444952477,0.0024337114033929,0.3183377683162689,1.0986122886681096,-0.011405552923679386,0.07768652071066276,0.07140229418124053,0.0,-0.0446040779352188,-0.6529318690299988,0.3379977822303772,-0.019660013914108265,0.6907571541039234,0,0.1,-0.0542999999999999
2020-06-04,174.24082946777344,1.0,MSFT,174.392236328125,165.45447784423828,174.39759189999063,57.113087286143156,2.43406520174247,2.9676255645028498,-0.5335603627603795,0.4777211966476347,3.6710691505391333,1.015628699188215,-0.0131636121156979,0.6025524536768595,1.3862943611198906,0.044670855005582134,0.10162207071039112,0.24845234734644683,0.3183377683162689,0.0,-0.0446040779352188,0.3221704140305519,0.2803820396463076,1.3625630620958875,1,0.0779220779220779,0.3575333333333333
2020-06-05,178.31773376464844,1.0,MSFT,174.587979888916,166.2296270751953,175.0006906483995,60.34648483245265,2.566481945232823,2.8873968406488446,-0.3209148954160215,0.987573597265486,3.377679203009212,1.7327494444826572,0.0233980996838001,0.9184122681617736,0.6931471805599453,0.35893968244393665,0.1312556624070111,0.47177232095155575,0.6025524536768595,0.3183377683162689,0.0,-0.6529318690299988,1.5713441371917725,1.9279225634515065,0,0.0,0.1779
2020-06-08,179.42269897460938,1.0,MSFT,174.78767852783204,166.85228271484374,175.68099962166258,59.26204041296389,2.7291249724630973,2.8557424670116953,-0.12661749454859805,1.0284374378478667,3.4510551050660467,2.089740413484518,0.0061966086414002,0.0,0.0,0.3678604980309804,0.1294408565044704,0.31451488063437055,0.9184122681617736,0.6025524536768595,0.3183377683162689,-0.0446040779352188,0.0446040779352188,-0.31662276824417046,0,0.0,0.0
2020-06-09,180.79440307617188,1.0,MSFT,174.95812072753907,167.624150390625,176.46767707620248,65.4916826346905,2.9348743953754024,2.8715688526844367,0.06330554269096567,1.080316041236118,3.4740959778949696,2.195454139600394,0.0076450979134843,0.0,1.0986122886681096,0.3678604980309804,0.1226355815302543,0.2096765870895804,0.0,0.9184122681617736,0.6025524536768595,0.0,0.0,-0.29923374659884716,0,0.0,0.3291
2020-06-10,187.50035095214844,0.0,MSFT,175.66476593017578,168.33008636474608,178.16501151865572,71.45041931163186,3.5975756325455848,3.0167702086566663,0.5808054238889184,1.2924388406216987,3.881647069989565,2.3958991905529965,0.0370915678908003,0.2605331540107727,1.0986122886681096,0.35629957516988114,0.1366964963447265,0.2266287760633112,0.0,0.0,0.9184122681617736,0.3183377683162689,-0.057804614305496216,0.3024241361813874,0,0.0625,0.1366
2020-06-11,177.4319305419922,1.0,MSFT,175.99907608032225,168.88252899169922,178.05222982993826,54.12798538182712,3.2726091545035274,3.067937997826039,0.20467115667748859,0.6004567275450055,4.384453996068081,1.4883598714946646,-0.053698141678283,-0.6675822287797928,1.0986122886681096,0.1022726386785507,0.11148503430488735,-0.0714415588843901,0.2605331540107727,0.0,0.0,0.6025524536768595,-1.2701346824566522,-1.758334895902136,0,0.0,-0.27825
2020-06-12,178.8321533203125,1.0,MSFT,176.36635208129883,169.56936553955077,178.1722180592266,55.90951712778647,3.092409780467591,3.0728323543543494,0.019577426113241536,0.6785197791641152,4.698795890847943,1.935694952181136,0.0078916053837836,0.0,0.0,-0.08140981495380403,0.10766215563949308,-0.04762770592292674,-0.6675822287797928,0.2605331540107727,0.0,0.9184122681617736,-0.9184122681617736,-0.2426361474953228,0,0.0,0.0
2020-06-15,179.97518920898438,1.0,MSFT,176.66586685180664,170.21921966552733,178.44959823611242,60.513574261507344,3.007169147707117,3.0596997130249033,-0.052530565317786326,0.7367033005582984,4.794732757937205,2.055517654673275,0.0063916687656528,0.0,0.0,-0.08140981495380403,0.11122622864941753,-0.03175180394861783,0.0,-0.6675822287797928,0.2605331540107727,0.0,0.0,-0.25136431243013724,0,0.0,0.0
2020-06-16,184.38552856445312,1.0,MSFT,177.10278091430663,170.98444732666016,179.36281828662638,64.90877063439166,3.2579373851804974,3.0993472474560226,0.15859013772447472,0.9685787806516991,4.879783333667471,2.169463659642045,0.0245052630579403,0.0,0.0,-0.08140981495380403,0.0906939807285865,-0.021167869299078556,0.0,0.0,-0.6675822287797928,0.0,0.0,-0.20736547290265625,0,0.0,0.0
2020-06-17,185.0237579345703,1.0,MSFT,177.63240280151368,171.54510192871095,180.23373207861778,66.17135861629014,3.4681936191626903,3.1731165217973567,0.2950770973653336,0.9388579597038738,4.810385361566564,2.0744863288786046,0.0034613853651432,0.0,0.0,-0.13351644575595858,0.08392533985277016,-0.014111912866052373,0.0,0.0,0.0,0.2605331540107727,-0.2605331540107727,-0.1917493461441784,0,0.0,0.0
2020-06-18,187.0050506591797,1.0,MSFT,178.1401123046875,172.17919738769533,181.2754733987042,66.36621372730806,3.7514525540843238,3.2887837282547503,0.46266882582957347,0.9719790575756811,4.717171675622824,1.9592327196644113,0.0107083152278748,0.0,0.0,0.0,0.07448745397229989,-0.009407941910701583,0.0,0.0,0.0,-0.6675822287797928,0.6675822287797928,-0.17032010040049436,0,0.0,0.0
2020-06-19,185.8905487060547,1.0,MSFT,178.69830780029298,172.75984680175782,181.98548498445044,65.14258892389574,3.8417213352798,3.3993712496597603,0.44235008562003975,0.8649865576122644,4.930136539778472,1.3570672867704894,-0.0059597425267202,0.0,0.0,0.0,0.03222985294957955,-0.006271961273801056,0.0,0.0,0.0,0.0,0.0,-0.08097602442602135,0,0.0,0.0
2020-06-22,191.0533905029297,0.0,MSFT,179.51083526611328,173.44356201171874,183.3805473719088,67.78741707635707,4.280515066904144,3.5756000131086374,0.7049150537955065,1.0198745578337844,5.063494069775816,1.4848726686894973,0.0277735572508255,0.0,0.0,0.0,0.06974428323407968,-0.004181307515867371,0.0,0.0,0.0,0.0,0.0,-0.1974540404560274,0,0.0,0.0
2020-06-23,192.3297882080078,1.0,MSFT,180.4795799255371,174.14577667236327,184.75735365438555,68.42575904196333,4.6773394306399325,3.7959478966148965,0.881391534025036,0.9923358067179714,5.132892204465368,1.584015037331516,0.0066808429922029,0.5818127393722534,0.6931471805599453,0.11636254787445066,0.09883492020269234,0.19115004144683956,0.0,0.0,0.0,0.0,0.5818127393722534,1.302888832772762,0,0.0,-0.4767
2020-06-24,188.45291137695312,1.0,MSFT,181.24304962158203,174.61485961914062,185.32590099631904,66.02926148263822,4.625672168632121,3.961892751018342,0.6637794176137795,0.799832170987016,5.347217066269067,1.1286183607848432,-0.0201574434578057,0.0,0.0,0.11636254787445066,0.08193503109117348,0.12743336096455973,0.5818127393722534,0.0,0.0,0.0,0.0,-0.22331362233574312,0,0.0,0.0
2020-06-25,190.83432006835932,1.0,MSFT,182.1451171875,175.16614624023438,186.17335008432522,64.678361108079,4.722447831403315,4.114003767095337,0.608444064307978,0.8602227945356655,5.307754170555431,1.267669532323635,0.0126366245764322,0.0,0.0,0.11636254787445066,0.06582651038964589,0.08495557397637317,0.0,0.5818127393722534,0.0,0.0,0.0,-0.18141362790874488,0,0.0,0.0
2020-06-26,187.0145721435547,1.0,MSFT,182.76808700561523,175.54300842285156,186.30276886266824,58.370133652028315,4.43974291414392,4.179151596505054,0.2605913176388661,0.6816033341159315,5.399608192266285,0.6759862824602462,-0.0200160428346242,-0.9510246515274048,0.6931471805599453,-0.07384238243103029,0.050921871264775584,-0.26037116785821945,0.0,0.0,0.5818127393722534,0.0,-0.9510246515274048,-2.515431887355316,0,0.0,0.3612
2020-06-29,189.02447509765625,1.0,MSFT,183.51155471801758,175.93043182373046,186.72149289882023,58.947837817930406,4.327989235545374,4.208919124313119,0.1190701112322552,0.7446056118330975,5.50438851248815,0.8615325164244921,0.0107473066460228,0.0,0.0,-0.07384238243103029,0.05315207516153653,-0.17358077857214632,-0.9510246515274048,0.0,0.0,0.0,0.0,-0.1335877003964042,0,0.0,0.0
2020-06-30,193.8538818359375,1.0,MSFT,184.39742889404297,176.4816958618164,187.8187835045306,57.201488084428576,4.576362939577024,4.2824078873659,0.29395505221112384,0.9073129001493772,5.364227318657062,1.1290416033625181,0.0255491080495593,0.0,0.0,-0.19020493030548097,0.05315207516153653,-0.11572051904809756,0.0,-0.9510246515274048,0.0,0.5818127393722534,-0.5818127393722534,-0.1335877003964042,0,0.0,0.0
2020-07-01,194.9874267578125,1.0,MSFT,185.31854705810548,177.19317779541015,188.92165169734318,74.95255722520393,4.809230673659329,4.387772444624586,0.4214582290347426,0.9058740435307054,4.943067512924486,1.358622605222903,0.0058474192579458,0.0,0.0,-0.19020493030548097,0.037235186745723084,-0.07714701269873171,0.0,0.0,-0.9510246515274048,0.0,0.0,-0.09473330584597242,0,0.0,0.0
2020-07-02,196.4734344482422,1.0,MSFT,186.4301773071289,177.82609100341796,190.08346442825072,75.01348965029035,5.055412780525529,4.521300511804775,0.5341122687207545,0.9289727839058506,4.723982484373143,1.6032617720877393,0.007621043649524,0.0,0.0,-0.19020493030548097,0.007107564061880106,-0.05143134179915448,0.0,0.0,0.0,0.0,0.0,-0.01921750912585427,0,0.0,0.0
2020-07-06,200.7027282714844,0.0,MSFT,187.5494270324707,178.58348602294922,191.71719732720976,77.02431711078547,5.5280585221690615,4.722652113877633,0.8054064082914287,1.0186508332227031,4.591982986518594,1.8303708920166215,0.0215260339654537,0.0,0.0,0.0,-0.03881304934620857,-0.03428756119943632,0.0,0.0,0.0,-0.9510246515274048,0.9510246515274048,0.12876203131284197,0,0.0,0.0
2020-07-07,198.36898803710932,0.0,MSFT,188.4967414855957,179.23474151611327,192.74054974411737,69.27519771159339,5.6491998848493665,4.907961668071979,0.7412382167773872,0.8811110512563017,4.5947028087187585,1.3221541733551894,-0.0116278450944536,0.0,0.0,0.0,-0.03881304934620857,-0.022858374132957552,0.0,0.0,0.0,0.0,0.0,0.12876203131284197,0,0.0,0.0
2020-07-08,202.731689453125,0.0,MSFT,189.59360580444337,179.98275115966797,194.2776481608878,72.13620637496005,6.027754628000736,5.131920260057731,0.8958343679430048,0.9730255188026332,4.7484708128497966,1.6072682395901188,0.0219928601702577,0.0,0.0,0.0,-0.03881304934620857,-0.01523891608863837,0.0,0.0,0.0,0.0,0.0,0.12876203131284197,0,0.0,0.0
2020-07-09,204.1509704589844,0.0,MSFT,190.42613677978517,180.839697265625,195.79662082213343,71.73910940604497,6.368869739165092,5.379310155879203,0.9895595832858888,0.9489652737778552,4.913126104495382,1.7933504646374674,0.0070007851741775,0.0,0.0,0.0,-0.05183970704674721,-0.010159277392425581,0.0,0.0,0.0,0.0,0.0,0.17672473715038323,0,0.0,0.0
2020-07-10,203.5318298339844,0.0,MSFT,191.73113174438475,181.53949584960938,196.9866529778028,72.6517060600919,6.51415532068512,5.606279188840387,0.9078761318447333,0.8915577815176847,4.798818424176487,1.3999535149091615,-0.0030327586668239,-0.0444021224975585,1.0986122886681096,-0.008880424499511722,-0.020680701732635493,-0.021573559094136552,0.0,0.0,0.0,0.0,-0.0444021224975585,-0.0929914403613029,0,0.0,0.23835
2020-07-13,197.2449493408203,1.0,MSFT,192.65177154541016,182.07973937988282,197.02639087980552,57.72702136151877,6.052230135006141,5.695469378073538,0.35676075693260323,0.6645146183056234,5.049884281287504,0.8085360153170121,-0.03088893023903,-0.9716609120368958,0.6931471805599453,-0.20321260690689086,-0.06926374733448029,-0.3382693434083896,-0.0444021224975585,0.0,0.0,0.0,-0.9716609120368958,-2.7188135158115054,0,0.0,-0.128
2020-07-14,198.4642639160156,0.0,MSFT,193.57622528076172,182.73252075195313,197.24760211614554,57.66670544239606,5.718618914219036,5.700099285302637,0.018519628916398467,0.6905212966487027,5.283942547186702,1.2812257383398375,0.0061817277414206,0.0,0.0,-0.20321260690689086,-0.06926374733448029,-0.2255128956055931,-0.9716609120368958,-0.0444021224975585,0.0,0.0,0.0,0.20868329353720771,0,0.0,0.0
2020-07-15,198.16897583007807,1.0,MSFT,194.26539764404296,183.29827453613282,197.389351918289,63.336840941155856,5.368517410573503,5.6337829103568104,-0.2652654997833075,0.6597803935522063,5.257407284658639,0.6900521822586299,-0.0014878652716162,0.0,0.6931471805599453,-0.20321260690689086,-0.06926374733448029,-0.15034193040372876,0.0,-0.9716609120368958,-0.0444021224975585,0.0,0.0,0.20868329353720771,0,0.0,0.611
2020-07-16,194.24441528320312,0.0,MSFT,194.7264305114746,183.74906036376953,196.90551551289118,54.49065314645527,4.719971318102495,5.451020591905947,-0.7310492738034524,0.4788899590939238,5.297553843243049,0.13467939324993733,-0.0198041117709569,-0.94796093304952,1.3862943611198906,-0.39280479351679487,-0.11666179398695628,-0.4162149312856591,0.0,0.0,-0.9716609120368958,0.0,-0.94796093304952,-2.1595230324718226,0,-0.021505376344086,-0.0225
2020-07-17,193.2538146972656,0.0,MSFT,195.03886871337892,184.14621795654296,196.34371538741033,58.87777784050017,4.079040044290025,5.176624482382763,-1.0975844380927384,0.41777897032654854,5.174401299328251,-0.43163276685480617,-0.005099763534994,0.0,0.0,-0.38392436901728316,-0.11666179398695628,-0.2774766208571061,-0.94796093304952,0.0,0.0,-0.0444021224975585,0.0444021224975585,0.3030603777701667,0,0.0,0.0
2020-07-20,201.5600128173828,0.0,MSFT,195.8223419189453,184.68936096191408,197.1462226843292,65.12639994815032,4.193003824596843,4.979900350825579,-0.7868965262287357,0.7778807943749119,5.476492398115517,0.12691486304234803,0.0429807718576162,0.0,0.0,-0.189592186609904,-0.11666179398695628,-0.18498441390473744,0.0,-0.94796093304952,0.0,-0.9716609120368958,0.9716609120368958,0.3030603777701667,0,0.0,0.0
2020-07-21,198.84524536132807,0.0,MSFT,196.21193466186523,185.15769134521486,197.40761078848286,56.34689219321033,4.0179455212249024,4.7875093849054435,-0.7695638636805411,0.6296827643528278,5.425463826879749,-0.6332650160498084,-0.0134687799336189,0.0,0.0,-0.189592186609904,-0.11666179398695628,-0.1233229426031583,0.0,0.0,-0.94796093304952,0.0,0.0,0.3030603777701667,0,0.0,0.0
2020-07-22,201.70291137695312,0.0,MSFT,196.6805908203125,185.64403839111327,198.06842626363212,58.18054881235881,4.062964988248581,4.642600505574071,-0.5796355173254906,0.7446786209793675,5.379877511432854,0.2757864621450853,0.0143713067437558,0.0,0.0,-0.189592186609904,-0.14575243095556895,-0.08221529506877222,0.0,0.0,0.0,0.0,0.0,0.41672218509948267,0,0.0,0.0
2020-07-23,192.92990112304688,1.0,MSFT,196.9044403076172,186.03528747558593,197.27788393431132,46.334208362075664,3.3520937813230773,4.384499160723873,-1.032405379400796,0.2948434806525219,5.807162935812869,-1.0888138021980398,-0.0434947130609869,0.0,0.0,0.0,-0.14575243095556895,-0.054810196712514817,0.0,0.0,0.0,-0.94796093304952,0.94796093304952,0.41672218509948267,0,0.0,0.0
2020-07-24,191.7487335205078,1.0,MSFT,196.9501609802246,186.45534759521485,196.42724540911075,40.113580880888705,2.662718710380318,4.040143070655162,-1.3774243602748442,0.22835502170875258,5.839824404947054,-1.7255300375573488,-0.0061222630378363,0.0,0.0,0.0,-0.14575243095556895,-0.03654013114167655,0.0,0.0,0.0,0.0,0.0,0.41672218509948267,0,0.0,0.0
2020-07-27,194.1777801513672,1.0,MSFT,197.30832138061524,186.90917053222657,196.08117383099636,45.382059644270306,2.286035765403966,3.689321609604923,-1.403285844200957,0.31547482810932004,5.596924160371761,-1.2712086958436224,0.0126678627089842,0.0,0.0,0.0,-0.09820119837919872,-0.02436008742778437,0.0,0.0,0.0,0.0,0.0,0.33304841967908044,0,0.0,0.0
2020-07-28,192.43463134765625,1.0,MSFT,197.47882919311525,187.27816528320312,195.5201672950979,37.9594936202952,1.825807504908198,3.3166187886655782,-1.4908112837573801,0.18068948610538307,5.4574423709148965,-1.6911356395540162,-0.0089770765859621,0.0,0.0,0.0,-0.09820119837919872,-0.016240058285189582,0.0,0.0,0.0,0.0,0.0,0.33304841967908044,0,0.0,0.0
2020-07-29,194.37779235839844,1.0,MSFT,197.5050247192383,187.65277618408203,195.34441730483647,38.710390434938034,1.5994328799646098,2.973181606925385,-1.373748726960775,0.3008460028586386,5.302992577544718,-1.2459697009575097,0.0100977718882191,0.0,0.0,0.0,-0.09820119837919872,-0.010826705523459722,0.0,0.0,0.0,0.0,0.0,0.33304841967908044,0,0.0,0.0
2020-07-30,194.2253570556641,1.0,MSFT,197.46692123413087,188.0486569213867,195.17225418957918,39.13233129168865,1.3916866068708487,2.6568826069144778,-1.265196000043629,0.2950948886196303,5.415259118190144,-1.5344247799975543,-0.0007842218027318,0.0,0.0,0.0,-0.09820119837919872,-0.007217803682306482,0.0,0.0,0.0,0.0,0.0,0.33304841967908044,0,0.0,0.0
2020-07-31,195.28273010253903,1.0,MSFT,197.4073860168457,188.41729431152345,195.1892504838807,47.3898146832565,1.2974116034071415,2.3849884062130107,-1.0875768028058692,0.3665278104947247,5.196853240452667,-0.5696399505711677,0.0054440525320897,0.0,0.0,0.0,-0.09820119837919872,-0.004811869121537656,0.0,0.0,0.0,0.0,0.0,0.33304841967908044,0,0.0,0.0
2020-08-03,206.26565551757807,0.0,MSFT,197.68553237915037,189.04807464599608,196.89331279675721,58.23777124262616,2.084894906127772,2.3249697061959633,-0.24007480006819115,0.9880863648392927,5.59216220294053,0.85612448238926,0.0562411505066122,0.0,0.0,0.0,-0.09820119837919872,-0.0032079127476917707,0.0,0.0,0.0,0.0,0.0,0.33304841967908044,0,0.0,0.0
2020-08-04,203.1698455810547,0.0,MSFT,197.92557525634763,189.61541473388672,197.85893322511066,54.98572603417422,2.43115032037565,2.346205829031901,0.08494449134374937,0.7873886334272605,5.58739998000197,-0.0027925814678183836,-0.0150088483162896,0.0,0.0,0.0,-0.09820119837919872,-0.002138608498461181,0.0,0.0,0.0,0.0,0.0,0.33304841967908044,0,0.0,0.0
2020-08-05,202.83645629882807,0.0,MSFT,197.9308135986328,190.21304595947265,198.62470600568255,59.22670955842586,2.6481324791628538,2.4065911590580917,0.24154132010476204,0.7684864707626278,5.430905475127697,-0.45526926764809195,-0.0016409387981427,0.0,0.0,0.0,-0.09820119837919872,-0.0014257389989741208,0.0,0.0,0.0,0.0,0.0,0.33304841967908044,0,0.0,0.0
2020-08-06,206.08465576171875,0.0,MSFT,198.0274978637695,190.87106872558593,199.77239058353427,63.14142596197485,3.047070224777599,2.5346869722019933,0.5123832525756056,0.9263730829435199,5.5105114438828275,0.27135738136449206,0.0160138839050969,0.0,0.0,0.0,-0.09820119837919872,-0.0009504926659827473,0.0,0.0,0.0,0.0,0.0,0.33304841967908044,0,0.0,0.0
2020-08-07,202.3982696533203,0.0,MSFT,197.9708198547363,191.46317474365233,200.17637197888598,50.94828681429763,3.0308331538653306,2.633916208534661,0.3969169453306698,0.7374677195031472,5.2383588131869,-0.22875923144125226,-0.0178877272292448,0.0,0.0,0.0,-0.09598109225432079,-0.0006336617773218316,0.0,0.0,0.0,0.0,0.0,0.3248656356601749,0,0.0,0.0
2020-08-10,198.36898803710932,1.0,MSFT,198.02702178955076,191.93945098876952,199.89831291092034,49.47678979730047,2.6621482183375633,2.639562610495241,0.02258560784232211,0.5183510660367893,5.253325861014496,-0.9611147015110793,-0.0199076880603403,0.0,0.0,0.0,-0.047398046652476,-0.0004224411848812211,0.0,0.0,0.0,0.0,0.0,0.22360679774997907,0,0.0,0.0
2020-08-11,193.73004150390625,1.0,MSFT,197.7903106689453,192.33094940185546,198.94934807907202,41.57100002000335,1.9728962152800875,2.506229331452211,-0.5333331161721233,0.2865071154706303,5.334974574005784,-1.6749212978529806,-0.0233854423471439,0.0,0.0,0.0,-0.047398046652476,-0.0002816274565874808,0.0,0.0,0.0,0.0,0.0,0.22360679774997907,0,0.0,0.0
2020-08-12,199.26434326171875,1.0,MSFT,197.8450790405273,192.79350830078124,198.9978088764023,57.189149723644775,1.8518835757269017,2.3753601803071493,-0.5234766045802477,0.5744557859047112,5.151265637272319,-0.9214475265924633,0.0285670808453366,0.0,0.0,0.0,-0.047398046652476,-0.0001877516377249872,0.0,0.0,0.0,0.0,0.0,0.22360679774997907,0,0.0,0.0
2020-08-13,198.79763793945312,1.0,MSFT,198.0727401733398,193.23815979003905,198.9670133476409,58.13189184774133,1.6987389626115714,2.240035936768034,-0.5412969741564626,0.5386192365034249,5.00498129852609,-1.3314764985029106,-0.0023421416728462,0.0,0.0,0.0,0.0,-0.00012516775848332482,0.0,0.0,0.0,0.0,0.0,0.0,0,0.0,0.0
2020-08-14,198.98812866210932,1.0,MSFT,198.359455871582,193.7331057739258,198.9702618575591,55.851641814205486,1.5745908594127513,2.1069469212969776,-0.5323560618842262,0.5344980759503429,4.9349007320227445,-0.8176049021257161,0.0009582142153732,0.0,0.0,0.0,0.0,-8.344517232221655e-05,0.0,0.0,0.0,0.0,0.0,0.0,0,0.0,0.0
2020-08-17,200.3026885986328,1.0,MSFT,198.2965896606445,194.17280487060546,199.17525058695506,59.67210494862526,1.564244951735617,1.9984065273847056,-0.43416157564908864,0.6110088227513076,4.8893178137953255,-0.2624866660006242,0.0066062229207433,0.0,0.0,0.0,0.0,-5.563011488147771e-05,0.0,0.0,0.0,0.0,0.0,0.0,0,0.0,0.0
2020-08-18,201.4552459716797,1.0,MSFT,198.42708969116208,194.61345581054687,199.52601910768195,58.87268937591153,1.6302549290210209,1.9247762077119688,-0.2945212786909479,0.6655839252673695,4.924017537024129,0.28636902929213776,0.0057540783956044,0.0,0.0,0.0,0.0,-3.708674325431848e-05,0.0,0.0,0.0,0.0,0.0,0.0,0,0.0,0.0
2020-08-19,200.2330322265625,1.0,MSFT,198.35359573364255,195.00222839355467,199.6347903567405,57.33481624722183,1.5658952115683462,1.8530000084832445,-0.2871047969148983,0.6037649658773957,4.7856863116467,-0.33375245220918015,-0.0060669243891966,0.0,0.0,0.0,0.0,-2.4724495502878988e-05,0.0,0.0,0.0,0.0,0.0,0.0,0,0.0,0.0
2020-08-20,204.8927764892578,1.0,MSFT,198.9517395019531,195.35007690429688,200.44371130020468,60.78435200120551,1.8693434628780494,1.8562686993622055,0.013074763515843912,0.8254338842771783,4.78668694952285,0.3977382995365446,0.0232716061425011,0.0,0.0,0.0,0.0,-1.648299700191933e-05,0.0,0.0,0.0,0.0,0.0,0.0,0,0.0,0.0
2020-08-21,203.4031524658203,1.0,MSFT,199.53446044921873,195.86950134277345,200.89900994106864,45.917965460561476,1.9669543534832314,1.8784058301864108,0.08854852329682061,0.7231551935148289,4.1592413397253996,-0.6284295208633645,-0.007270261299405,0.0,0.0,0.0,0.0,-1.098866466794622e-05,0.0,0.0,0.0,0.0,0.0,0.0,0,0.0,0.0
2020-08-24,204.0429229736328,1.0,MSFT,200.027717590332,196.37371673583985,201.38268886915546,51.33882233800899,2.0720505122332042,1.9171347665957696,0.1549157456374346,0.736023621331929,3.9461057007352878,0.07205048512638855,0.0031453323119954,0.0,0.0,0.0,0.0,-7.325776445297481e-06,0.0,0.0,0.0,0.0,0.0,0.0,0,0.0,0.0
2020-08-25,206.69737243652344,1.0,MSFT,200.74085464477537,196.9081604003906,202.2003324949044,55.52708595184523,2.3425286506042653,2.0022135433974686,0.3403151072067967,0.8626716433099613,3.9521262330187596,0.6449369422966628,0.0130092699330406,0.0,0.0,0.0,0.0,-4.883850963531655e-06,0.0,0.0,0.0,0.0,0.0,0.0,0,0.0,0.0
2020-08-26,211.16612243652344,1.0,MSFT,201.58027114868162,197.44377227783204,203.579684793615,57.02873936093198,2.8842277202612934,2.1786163787702337,0.7056113414910596,1.0398359888932212,4.007484959034078,1.5471494710687244,0.0216197716851593,0.0,0.0,0.0,0.0,-3.2559006423544367e-06,0.0,0.0,0.0,0.0,0.0,0.0,0,0.0,0.0
2020-08-27,216.3510131835937,0.0,MSFT,202.6865539550781,198.0703173828125,205.5445045459194,68.53136791009351,3.6893766495849434,2.480768432933176,1.2086082166517675,1.1567704150535156,4.440106363800065,2.4251872460895885,0.0245536106229768,0.0,0.0,0.0,0.0,-2.1706004282362916e-06,0.0,0.0,0.0,0.0,0.0,0.0,0,0.0,0.0
2020-08-28,218.5758056640625,0.0,MSFT,203.85120773315427,198.70173248291016,207.5493201025568,78.18890149038212,4.455623482686917,2.875739442883924,1.5798840398029932,1.113275367829952,4.299933725573378,2.3753404887909584,0.0102832542715241,0.0,0.0,0.0,0.0,-1.4470669521575279e-06,0.0,0.0,0.0,0.0,0.0,0.0,0,0.0,0.0
2020-08-31,215.3484039306641,0.0,MSFT,204.3053451538086,199.29088958740235,208.74917915303485,81.3944294969778,4.747726436069087,3.2501368415209564,1.4975895945481303,0.9236688194109688,4.2659881189502675,1.7523563201662622,-0.0147655945889945,0.0,0.0,0.0,0.0,-9.647113014383521e-07,0.0,0.0,0.0,0.0,0.0,0.0,0,0.0,0.0
2020-09-01,217.0098419189453,0.0,MSFT,204.99734497070312,199.81001861572267,210.0200503477903,79.03634708522738,5.055013245492717,3.6111121223153084,1.4439011231774082,0.9230778445952744,4.002494227628572,1.9066025740487687,0.0077151163322117,0.0,0.0,0.0,0.0,-6.431408676255682e-07,0.0,0.0,0.0,0.0,0.0,0.0,0,0.0,0.0
2020-09-02,221.19207763671875,0.0,MSFT,205.91512603759764,200.38726440429687,211.7388237768562,82.6707507646554,5.571783672008905,4.003246432254028,1.5685372397548774,0.9809620217649458,4.166025488879669,2.039108669085976,0.0192721015820818,0.0,0.0,0.0,0.0,-4.2876057841704553e-07,0.0,0.0,0.0,0.0,0.0,0.0,0,0.0,0.0
2020-09-03,207.48995971679688,0.0,MSFT,205.98539123535156,200.76800537109375,211.08515238300092,58.89600486395493,4.820118232824001,4.166620792368023,0.6534974404559781,0.5473216693679844,5.162822962415395,1.1259858270653298,-0.0619466938704104,0.0,0.0,0.0,0.0,-2.858403856113637e-07,0.0,0.0,0.0,0.0,0.0,0.0,0,0.0,0.0
2020-09-04,204.57766723632807,0.0,MSFT,206.09436111450196,201.04287231445312,210.0840008219743,54.32845422744428,3.943956813564,4.122087996607219,-0.1781311830432184,0.4520744058975623,5.905255219754486,0.28763584041913065,-0.0140358236342799,0.0,0.0,0.0,0.0,-1.9056025707424248e-07,0.0,0.0,0.0,0.0,0.0,0.0,0,0.0,0.0
2020-09-08,193.51084899902344,1.0,MSFT,205.85145416259766,201.1727978515625,207.53428515690493,43.30112931922272,2.3297370751158724,3.7636178123089494,-1.433880737193077,0.1251140675055162,6.512792686459695,-0.4517773031883893,-0.0540959254585704,0.0,0.0,0.0,0.0,-1.2704017138282834e-07,0.0,0.0,0.0,0.0,0.0,0.0,0,0.0,0.0
2020-09-09,201.75128173828125,0.0,MSFT,206.2525161743164,201.427333984375,206.6445923232705,51.14472973333665,1.6958417484079291,3.3500625995287456,-1.6542208511208165,0.3555732444837287,7.149137593726315,0.10736893985508647,0.0425838281516681,0.0,0.0,0.0,0.0,-8.469344758855224e-08,0.0,0.0,0.0,0.0,0.0,0.0,0,0.0,0.0
2020-09-10,196.0985107421875,0.0,MSFT,206.09422454833984,201.4722265625,205.0221182338731,43.46712587362332,0.7289409799494138,2.8258382756128793,-2.0968972956634655,0.1865008208545365,7.458783828020488,-0.44330955742668154,-0.0280185134259851,0.0,0.0,0.0,0.0,-5.646229839236816e-08,0.0,0.0,0.0,0.0,0.0,0.0,0,0.0,0.0
2020-09-11,194.8190155029297,0.0,MSFT,205.89529342651366,201.46885833740234,203.45241012142026,43.60325125895093,-0.13897737317054748,2.2328751458561937,-2.371852519026741,0.16267334116246207,7.7309178235910645,-0.9899971315266288,-0.0065247575538193,0.0,0.0,0.0,0.0,-3.764153226157878e-08,0.0,0.0,0.0,0.0,0.0,0.0,0,0.0,0.0
2020-09-14,196.13673400878903,0.0,MSFT,205.75272369384766,201.46212432861327,202.32692148870774,44.167378474481374,-0.7122694513792283,1.6438462264091094,-2.3561156777883374,0.2123902361884086,7.872782074745294,-0.5804958469612422,0.0067638084632428,0.0,0.0,0.0,0.0,-2.5094354841052524e-08,0.0,0.0,0.0,0.0,0.0,0.0,0,0.0,0.0
2020-09-15,199.35452270507807,0.0,MSFT,205.70531539916993,201.43516021728516,201.86962936814933,44.62762419392755,-0.8966231841592105,1.1357523442954454,-2.032375528454656,0.3108462815777781,7.931432708080523,-0.28088505208521153,0.0164058441808501,0.0,0.0,0.0,0.0,-1.6729569894035017e-08,0.0,0.0,0.0,0.0,0.0,0.0,0,0.0,0.0
2020-09-16,195.79298400878903,0.0,MSFT,205.42220230102538,201.38364013671875,200.93476085132465,38.60096134916539,-1.314953290352804,0.6456112173657955,-1.9605645077185996,0.22126604446821135,7.95802959615144,-0.6997387071655115,-0.0178653518764554,0.0,0.0,0.0,0.0,-1.1153046596023346e-08,0.0,0.0,0.0,0.0,0.0,0.0,0,0.0,0.0
2020-09-17,193.74961853027344,0.0,MSFT,205.09803161621093,201.20399871826172,199.8293543403937,32.4223659092835,-1.790723089327912,0.15834435602705405,-1.9490674453549661,0.1832640175983654,7.503789607763374,-1.2262262128751542,-0.0104363569964481,0.0,0.0,0.0,0.0,-7.435364397348898e-09,0.0,0.0,0.0,0.0,0.0,0.0,0,0.0,0.0
2020-09-18,191.34336853027344,1.0,MSFT,204.42056121826172,200.9478466796875,198.52381806191366,28.88030549924673,-2.335021671552539,-0.34032884948886466,-1.9946928220636746,0.15482054052195454,7.731590486024195,-1.8498279307515797,-0.0124193792909276,0.0,0.0,0.0,0.0,-4.956909598232599e-09,0.0,0.0,0.0,0.0,0.0,0.0,0,0.0,0.0
2020-09-21,193.39630126953125,1.0,MSFT,203.92021865844725,200.74513610839844,197.73496932462407,32.65949817332384,-2.571089781883984,-0.7864810359678885,-1.7846087459160955,0.23117428698631468,7.849583870424723,-1.247003901188297,0.0107290508943507,0.0,0.0,0.0,0.0,-3.3046063988217332e-09,0.0,0.0,0.0,0.0,0.0,0.0,0,0.0,0.0
2020-09-22,198.0559844970703,0.0,MSFT,203.62087173461913,200.76135681152343,197.7843562742312,35.70500683815685,-2.35503063898517,-1.1001909565713448,-1.254839682413825,0.3591047015652447,8.054195632724264,-0.7611794107975619,0.0240939624850684,0.0,0.0,0.0,0.0,-2.2030709325478223e-09,0.0,0.0,0.0,0.0,0.0,0.0,0,0.0,0.0
2020-09-23,191.5342712402344,1.0,MSFT,202.8627166748047,200.6227569580078,196.8228047305394,28.394520479727007,-2.679166206900504,-1.4159860066371768,-1.2631802002633274,0.2224013022023738,8.223343272684488,-1.118629695950099,-0.0329286351704882,0.0,0.0,0.0,0.0,-1.4687139550318817e-09,0.0,0.0,0.0,0.0,0.0,0.0,0,0.0,0.0
2020-09-24,194.0169677734375,1.0,MSFT,202.0052589416504,200.539716796875,196.3911375063699,38.26711194004858,-2.7045369004031556,-1.6736961853903725,-1.0308407150127832,0.3039823507486424,7.519483331120783,-0.6358811453840475,0.0129621530242445,0.0,0.0,0.0,0.0,-9.791426366879212e-10,0.0,0.0,0.0,0.0,0.0,0.0,0,0.0,0.0
2020-09-25,198.4379272460937,0.0,MSFT,201.1096046447754,200.62358703613282,196.70602823555816,44.79013396850155,-2.340924159312692,-1.8071417801748364,-0.5337823791378558,0.4306630690339111,7.0645632225148285,-0.1742000432814769,0.0227864579237151,0.0,0.0,0.0,0.0,-6.527617577919476e-10,0.0,0.0,0.0,0.0,0.0,0.0,0,0.0,0.0
2020-09-28,199.9848022460937,1.0,MSFT,200.18005447387694,200.75820678710937,197.21045500640977,56.55202447374799,-1.9059677478109336,-1.826906973702056,-0.07906077410887757,0.4943968716213914,6.566671619151939,0.365578320802834,0.00779525880696,0.0,0.0,0.0,0.0,-4.3517450519463174e-10,0.0,0.0,0.0,0.0,0.0,0.0,0,0.0,0.0
2020-09-29,197.9031982421875,0.0,MSFT,199.3077941894531,200.68507049560546,197.3170308888371,45.55087451881174,-1.7095233830107759,-1.8034302555638,0.0939068725530241,0.455849400215415,5.9582905798000825,0.06891200359342343,-0.0104088109722692,0.0,0.0,0.0,0.0,-2.901163367964212e-10,0.0,0.0,0.0,0.0,0.0,0.0,0,0.0,0.0
2020-09-30,200.83462524414065,0.0,MSFT,198.4990333557129,200.72485809326173,197.85819925119148,55.84358517108327,-1.3022862037891798,-1.7032014452088762,0.40091524141969637,0.5859058489559726,5.604312177903233,0.7321498432368165,0.014812428641834,0.0,0.0,0.0,0.0,-1.9341089119761416e-10,0.0,0.0,0.0,0.0,0.0,0.0,0,0.0,0.0
2020-10-01,202.8684234619141,0.0,MSFT,197.58285064697264,200.74816833496095,198.62900297591804,59.75015691896189,-0.8061445536502845,-1.5237900668971578,0.7176455132468733,0.8014405337297403,5.349908503617404,1.541824584127061,0.010126730962358,0.0,0.0,0.0,0.0,-1.289405941317428e-10,0.0,0.0,0.0,0.0,0.0,0.0,0,0.0,0.0
2020-10-02,196.8814697265625,1.0,MSFT,197.05242614746095,200.82719970703124,198.3601517067864,50.810418763684275,-0.88583450404073,-1.3961989543258724,0.5103644502851423,0.48848659252297794,5.469266079372346,1.0191857160010007,-0.0295115111222598,0.0,0.0,0.0,0.0,-8.596039608782854e-11,0.0,0.0,0.0,0.0,0.0,0.0,0,0.0,0.0
2020-10-05,200.88232421875,1.0,MSFT,196.86765899658204,201.0098715209961,198.7481782470885,51.63468885304363,-0.6190181865477484,-1.2407628007702476,0.6217446142224992,0.7955107017040257,5.459041491018291,1.4500293284619878,0.0203211328000754,0.0,0.0,0.0,0.0,-5.7306930725219033e-11,0.0,0.0,0.0,0.0,0.0,0.0,0,0.0,0.0
2020-10-06,196.6141967773437,1.0,MSFT,197.02282638549804,201.05859985351563,198.4198734055893,50.865578138776186,-0.7433971275808346,-1.141289666132365,0.3978925385515304,0.4690862801939496,5.428344609973897,0.7390654002937674,-0.0212469039175319,0.0,0.0,0.0,0.0,-3.820462048347936e-11,0.0,0.0,0.0,0.0,0.0,0.0,0,0.0,0.0
2020-10-07,200.35714721679688,1.0,MSFT,196.9531196594238,201.21705017089843,198.71791553039048,56.723601505606275,-0.5337903126779224,-1.0197897954414765,0.4859994827635541,0.7648601703846885,5.36763917732452,1.2503442305414316,0.0190370303915126,0.0,0.0,0.0,0.0,-2.5469746988986242e-11,0.0,0.0,0.0,0.0,0.0,0.0,0,0.0,0.0
2020-10-08,201.0733184814453,1.0,MSFT,197.20186004638668,201.35096069335938,199.08028521516815,60.253548032301325,-0.3063548974096477,-0.8771028158351107,0.570747918425463,0.7903275534341682,5.058675480482464,1.4951006691557935,0.0035744732573652,0.0,0.0,0.0,0.0,-1.697983132599083e-11,0.0,0.0,0.0,0.0,0.0,0.0,0,0.0,0.0
2020-10-09,206.06723022460932,1.0,MSFT,197.76427078247067,201.58779815673827,200.15519983200525,62.573428098152405,0.2737011926103037,-0.6469420141460278,0.9206432067563315,1.0429053942071924,4.987062927172277,1.75606549150029,0.024836272564054,0.0,0.0,0.0,0.0,-1.1319887550660555e-11,0.0,0.0,0.0,0.0,0.0,0.0,0,0.0,0.0
2020-10-12,211.40484619140625,0.0,MSFT,198.52767639160155,201.91024047851562,201.88591465652848,63.07029231416953,1.1508347169845479,-0.28738666791991274,1.4382213849044607,1.1618630548378364,5.125515434090984,2.0808945439559303,0.0259023036364345,0.0,0.0,0.0,0.0,-7.546591700440371e-12,0.0,0.0,0.0,0.0,0.0,0.0,0,0.0,0.0
2020-10-13,212.7989654541016,0.0,MSFT,199.19989852905272,202.04090667724608,203.5648455484628,73.14496094960565,1.9361444596923718,0.15731955760254418,1.7788249020898277,1.084206123337369,4.901125193510945,2.1093257479775684,0.0065945473238258,0.0,0.0,0.0,0.0,-5.031061133626915e-12,0.0,0.0,0.0,0.0,0.0,0.0,0,0.0,0.0
2020-10-14,210.88922119140625,0.0,MSFT,199.95471038818357,202.19529418945314,204.6916725704541,68.59606706652562,2.3770070296365873,0.6012570520093529,1.7757499776272345,0.9330527755383344,4.813823166737736,1.5547415175739716,-0.0089744057665884,0.0,0.0,0.0,0.0,-3.354040755751277e-12,0.0,0.0,0.0,0.0,0.0,0.0,0,0.0,0.0
2020-10-15,209.743408203125,0.0,MSFT,200.75439987182614,202.33343322753908,205.46886266778807,63.430137963637,2.603919892725571,1.0017896201525966,1.6021302725729745,0.8459744880273994,4.7012864291104455,1.1279963691612183,-0.0054332458615383,0.0,0.0,0.0,0.0,-2.2360271705008517e-12,0.0,0.0,0.0,0.0,0.0,0.0,0,0.0,0.0
2020-10-16,209.743408203125,0.0,MSFT,201.67440185546872,202.4066082763672,206.12648505783991,62.034856938117436,2.752026325143163,1.35183696115071,1.400189363992453,0.8154616670866973,4.579881428959482,1.059018362023123,0.0,0.0,0.0,0.0,0.0,-1.4906847803339013e-12,0.0,0.0,0.0,0.0,0.0,0.0,0,0.0,0.0
2020-10-19,204.5489959716797,0.0,MSFT,202.23203659057614,202.44962280273438,205.88379442919987,57.61156896827121,2.4223329380599523,1.5659361565325585,0.8563967815273938,0.594726187573791,4.942725713155771,0.5817858621895333,-0.0247655565242594,0.0,0.0,0.0,0.0,-9.937898535559344e-13,0.0,0.0,0.0,0.0,0.0,0.0,0,0.0,0.0
2020-10-20,204.9595642089844,0.0,MSFT,202.57721557617185,202.5814343261719,205.74160516455134,55.01389926501188,2.1691731017192524,1.6865835455698974,0.48258955614935495,0.5982596427102025,4.863608879830595,0.8527856997797649,0.0020071877417651,0.0,0.0,0.0,0.0,-6.625265690372897e-13,0.0,0.0,0.0,0.0,0.0,0.0,0,0.0,0.0
2020-10-21,205.10284423828125,0.0,MSFT,203.2556442260742,202.80889038085937,205.64333425281748,52.846793204633514,1.9575383251373069,1.7407745014833793,0.21676382365392755,0.5840705795676858,4.8731608110204165,1.1650881815528156,0.0006990648611584,0.0,0.0,0.0,0.0,-4.416843793581932e-13,0.0,0.0,0.0,0.0,0.0,0.0,0,0.0,0.0
2020-10-22,205.18875122070312,0.0,MSFT,203.81423339843747,202.92737854003906,205.57339840172295,62.457132031056155,1.7762724523373663,1.7478740916541768,0.02839836068318946,0.5679834145277826,4.698557213117463,1.4617772580146506,0.000418848323342,0.0,0.0,0.0,0.0,-2.9445625290546215e-13,0.0,0.0,0.0,0.0,0.0,0.0,0,0.0,0.0
2020-10-23,206.46827697753903,0.0,MSFT,204.21575088500975,203.08079132080078,205.71107202877158,59.1207726724378,1.7160830402634986,1.7415158813760412,-0.025432841112542626,0.6144047331152747,4.62353176645903,1.6417436589697203,0.0062358474781087,0.0,0.0,0.0,0.0,-1.9630416860364145e-13,0.0,0.0,0.0,0.0,0.0,0.0,0,0.0,0.0
2020-10-26,200.5958709716797,0.0,MSFT,204.24630432128907,203.11294616699217,204.9241180199882,56.17765416613999,1.1809155512452207,1.629395815349877,-0.44848026410465636,0.3136187126969495,4.806322999750127,0.8551420114760966,-0.0284421708352716,0.0,0.0,0.0,0.0,-1.30869445735761e-13,0.0,0.0,0.0,0.0,0.0,0.0,0,0.0,0.0
2020-10-27,203.622802734375,0.0,MSFT,204.53228454589845,203.17934844970702,204.7239156683554,55.18186827927049,0.9896316984545024,1.5014429919708023,-0.5118112935163,0.45129371898794823,4.832931240669516,1.4423585672744352,0.0150897012387789,0.0,0.0,0.0,0.0,-8.724629715717401e-14,0.0,0.0,0.0,0.0,0.0,0.0,0,0.0,0.0
2020-10-28,193.52996826171875,1.0,MSFT,204.16705169677735,203.02084289550783,203.00176991348823,40.77538415606953,0.02336118123045594,1.2058266298227331,-1.1824654485922772,-0.008928069268703426,5.3976604499666605,0.3534836206703502,-0.0495663272340981,0.0,0.0,0.0,0.0,-5.816419810478268e-14,0.0,0.0,0.0,0.0,0.0,0.0,0,0.0,0.0
2020-10-29,195.47789001464844,1.0,MSFT,203.79752502441403,202.92574005126954,201.84424992905133,36.0081420897897,-0.5785648241242711,0.8489483390333323,-1.4275131631576035,0.1267045449986031,5.356737637381106,0.9138839047416912,0.0100652202365651,0.0,0.0,0.0,0.0,-3.8776132069855125e-14,0.0,0.0,0.0,0.0,0.0,0.0,0,0.0,0.0
2020-10-30,193.32943725585932,1.0,MSFT,203.6199234008789,202.69447326660156,200.53427874856027,23.918601394659817,-1.2149524862956014,0.4361681739675457,-1.651120660263147,0.06048368443453733,5.155539735530843,0.05061135995387959,-0.0109907711743159,0.0,0.0,0.0,0.0,-2.5850754713236753e-14,0.0,0.0,0.0,0.0,0.0,0.0,0,0.0,0.0
2020-11-02,193.1957550048828,1.0,MSFT,203.23559494018554,202.49032531738283,199.40527509568682,20.646388319203865,-1.7103653073191936,0.00686147771019785,-1.7172267850293914,0.10028395756336163,5.181456444720567,-0.7395350727277261,-0.0006914738535115,0.0,0.0,0.0,0.0,-1.723383647549117e-14,0.0,0.0,0.0,0.0,0.0,0.0,0,0.0,0.0
2020-11-03,197.11068725585932,1.0,MSFT,203.26041946411132,202.35168060302735,199.05226158186719,30.536961645966073,-1.7667156250538767,-0.34785394284261706,-1.4188616822112596,0.2541180389270158,5.229201598135199,-0.22400027447431672,0.020264069730091,0.0,0.0,0.0,0.0,-1.1489224316994114e-14,0.0,0.0,0.0,0.0,0.0,0.0,0,0.0,0.0
2020-11-04,206.62106323242188,0.0,MSFT,203.57361526489257,202.35015441894532,200.21669260502946,46.432521506756075,-1.0320687519287048,-0.4846969046598346,-0.5473718472688702,0.6217707344973799,5.709359589403014,0.9615588163977867,0.0482489108478303,0.0,0.0,0.0,0.0,-7.659482877996078e-15,0.0,0.0,0.0,0.0,0.0,0.0,0,0.0,0.0
2020-11-05,213.2095184326172,0.0,MSFT,204.18042526245117,202.39102233886717,202.21558888619683,53.442037605043105,0.08084552363428088,-0.3715884190010115,0.4524339426352924,0.8429793955092073,6.034008237763558,1.9655509579004937,0.0318866581031196,0.0,0.0,0.0,0.0,-5.106321918664052e-15,0.0,0.0,0.0,0.0,0.0,0.0,0,0.0,0.0
2020-11-06,213.62013244628903,0.0,MSFT,204.55807037353514,202.33640472412108,203.97013404928794,59.953867884533075,0.9846211249678731,-0.10034651020723456,1.0849676351751076,0.8281399054078105,5.880549463081493,2.3082969871633794,0.0019258709305776,0.0,0.0,0.0,0.0,-3.404214612442702e-15,0.0,0.0,0.0,0.0,0.0,0.0,0,0.0,0.0
2020-11-09,208.5307464599609,0.0,MSFT,204.41436538696288,202.13550354003905,204.671766727853,53.553789634895324,1.2754957638558437,0.17482194460538109,1.1006738192504626,0.651717935551901,6.287044251984507,0.9098076937434674,-0.0238244678909548,0.0,0.0,0.0,0.0,-2.269476408295135e-15,0.0,0.0,0.0,0.0,0.0,0.0,0,0.0,0.0
2020-11-10,201.48388671875,1.0,MSFT,203.8486114501953,201.85821319580077,204.18132364952945,46.833712923233826,0.9267107777728256,0.32519971123887004,0.6015110665339556,0.40923511436256654,6.619198838712923,-0.3239299570660686,-0.0337929051750838,0.0,0.6931471805599453,0.0,0.0,-1.5129842721967567e-15,0.0,0.0,0.0,0.0,0.0,0.0,0,0.0,0.0
2020-11-11,206.77381896972656,0.0,MSFT,203.64284133911133,201.65349273681642,204.5801690834059,51.271057755864014,1.0648742784663057,0.4731346246843572,0.5917396537819485,0.6234234497375559,6.801305199599213,0.5026083860855266,0.0262548650272997,0.0,0.0,0.0,0.0,-1.0086561814645047e-15,0.0,0.0,0.0,0.0,0.0,0.0,0,0.0,0.0
2020-11-12,205.7139129638672,0.0,MSFT,203.44136657714844,201.34392944335937,204.7545912188615,49.392941132554434,1.076435809556898,0.5937948616588654,0.4826409478980326,0.5916296023803548,6.905657065168204,-0.15761004684000077,-0.0051259197665375,0.0,0.0,0.0,0.0,-6.724374543096699e-16,0.0,0.0,0.0,0.0,0.0,0.0,0,0.0,0.0
2020-11-13,206.735580444336,0.0,MSFT,203.29097518920898,201.32884185791016,205.05935879201144,55.35920064570613,1.154727454186002,0.7059813801642927,0.4487460740217093,0.6417611973411266,6.566001910417286,0.33645703091433316,0.0049664481402782,0.0,0.0,0.0,0.0,-4.482916362064466e-16,0.0,0.0,0.0,0.0,0.0,0.0,0,0.0,0.0
2020-11-16,207.4231109619141,0.0,MSFT,203.4346809387207,201.38575073242188,205.42301297199646,53.458438115763144,1.2577535138681526,0.8163358069050646,0.441417706963088,0.6624049638327758,6.472559751979917,0.9998859004174658,0.0033256516178803,0.0,0.0,0.0,0.0,-2.9886109080429777e-16,0.0,0.0,0.0,0.0,0.0,0.0,0,0.0,0.0
2020-11-17,204.7781982421875,0.0,MSFT,203.42561264038085,201.61109771728516,205.323810705872,61.841581079275,1.1131483748504252,0.8756983204941368,0.2374500543562884,0.5550960377470988,5.957619153254247,0.16902429775261252,-0.012751292310008,0.0,0.0,0.0,0.0,-1.992407272028652e-16,0.0,0.0,0.0,0.0,0.0,0.0,0,0.0,0.0
2020-11-18,202.07839965820312,1.0,MSFT,203.27439041137694,201.6176400756836,204.82451669853833,56.84040174794577,0.7717997506884728,0.854918606533004,-0.08311885584453116,0.4512330617324376,5.928365618648862,-0.7554212185912594,-0.0131840137629855,0.0,0.0,0.0,0.0,-1.3282715146857682e-16,0.0,0.0,0.0,0.0,0.0,0.0,0,0.0,0.0
2020-11-19,203.3612518310547,1.0,MSFT,203.18301544189453,201.76289489746094,204.59939902661776,60.58634754142715,0.5979017170490408,0.8035152286362114,-0.20561351158717056,0.507287185819697,5.7925092184643825,0.06335382444187138,0.0063482894511308,0.0,0.0,0.0,0.0,-8.855143431238455e-17,0.0,0.0,0.0,0.0,0.0,0.0,0,0.0,0.0
2020-11-20,201.4178466796875,1.0,MSFT,202.93049392700195,201.8948715209961,204.10992943478232,58.357376191815945,0.29981365335294186,0.7027749135795575,-0.4029612602266156,0.43776209205815647,5.665554690924411,-0.6180547255321497,-0.0095564181173594,0.0,0.0,0.0,0.0,-5.903428954158971e-17,0.0,0.0,0.0,0.0,0.0,0.0,0,0.0,0.0
2020-11-23,201.1498107910156,1.0,MSFT,202.95819091796875,201.9951330566406,203.6545265665105,54.43433529195373,0.04147041400065632,0.5705140136637772,-0.5290435996631209,0.4254721376978723,5.553070827769957,-1.3452491078349724,-0.0013307454780715,0.0,0.0,0.0,0.0,-3.9356193027726475e-17,0.0,0.0,0.0,0.0,0.0,0.0,0,0.0,0.0
2020-11-24,204.73985290527344,1.0,MSFT,203.01404342651367,202.10283966064452,203.8214998493971,47.62613704236704,0.12497727075663079,0.4814066650823479,-0.35642939432571713,0.5709894876094564,5.110705615720862,-0.22337570037503499,0.017847603734451,0.0,0.0,0.0,0.0,-2.623746201848432e-17,0.0,0.0,0.0,0.0,0.0,0.0,0,0.0,0.0
2020-11-25,204.7494506835937,0.0,MSFT,203.57501754760742,202.2819689941406,203.9642615161966,37.19899316912063,0.1897442631151307,0.4230741846889045,-0.2333299215737738,0.5518775537557058,4.77701380151685,0.39638734910113504,4.687791938939867e-05,0.0,0.0,0.0,0.0,-1.7491641345656215e-17,0.0,0.0,0.0,0.0,0.0,0.0,0,0.0,0.0
2020-11-27,206.0514373779297,0.0,MSFT,204.10369491577148,202.52800537109374,204.28536549492475,38.84854659841807,0.34218749185453134,0.4068968461220299,-0.06470935426749858,0.5910368731791336,4.509400275999194,0.82063065965695,0.006358926434181,0.0,0.0,0.0,0.0,-1.1661094230437478e-17,0.0,0.0,0.0,0.0,0.0,0.0,0,0.0,0.0
2020-11-30,204.9409027099609,0.0,MSFT,204.68426818847655,202.79995605468747,204.3862173741611,44.00835138997977,0.36913383724714777,0.3993442443470535,-0.030210407099905745,0.5136225128071673,4.111192870459789,-0.27689496181493367,-0.0053895992287201,0.0,0.0,0.0,0.0,-7.774062820291653e-18,0.0,0.0,0.0,0.0,0.0,0.0,0,0.0,0.0
2020-12-01,206.9896545410156,0.0,MSFT,205.37396316528321,203.07182312011716,204.7867461690618,61.02964461915609,0.5494721873995729,0.4293698329575574,0.12010235444201556,0.6042433459081852,3.7913416712594716,0.6692291794919571,0.0099967932411917,0.0,0.0,0.0,0.0,-5.1827085468611025e-18,0.0,0.0,0.0,0.0,0.0,0.0,0,0.0,0.0
2020-12-02,206.1855010986328,0.0,MSFT,205.82770385742188,203.2344134521484,205.00193923514962,48.56319825896418,0.6203521337118048,0.46756629310840686,0.1527858406033979,0.5266825099434079,3.5450481763336614,-0.28379351615302567,-0.0038849934030081,0.0,0.0,0.0,0.0,-3.4551390312407354e-18,0.0,0.0,0.0,0.0,0.0,0.0,0,0.0,0.0
2020-12-03,205.1036529541016,0.0,MSFT,205.75183334350587,203.50580108642575,205.01758749960376,48.511206342021325,0.5825140387093768,0.4905558422286009,0.09195819648077591,0.4516373905377686,3.4145852993454633,-1.1558303393454075,-0.0052469651782823,0.0,0.0,0.0,0.0,-2.303426020827157e-18,0.0,0.0,0.0,0.0,0.0,0.0,0,0.0,0.0
2020-12-04,205.2185516357422,0.0,MSFT,205.3522850036621,203.72983276367185,205.04850505900967,46.1277265992698,0.5553961777561938,0.5035239093341195,0.051872268422074264,0.48828623713662556,3.3426832283458134,-0.1519389436676714,0.0005601981241469,0.0,0.0,0.0,0.0,-1.535617347218105e-18,0.0,0.0,0.0,0.0,0.0,0.0,0,0.0,0.0
2020-12-07,205.1515350341797,0.0,MSFT,204.92885513305663,203.86410491943354,205.06435582442046,44.01203144457774,0.5224746355428351,0.5073140545758626,0.015160580966972481,0.5266547936328776,3.297441021838592,-1.1690560184318532,-0.0003265621018583,0.0,0.0,0.0,0.0,-1.0237448981454034e-18,0.0,0.0,0.0,0.0,0.0,0.0,0,0.0,0.0
2020-12-08,206.7981414794922,0.0,MSFT,204.84222488403321,204.00037170410152,205.33109207904687,55.6204682032283,0.6220804982718846,0.5302673433150671,0.09181315495681752,0.7490373460088677,3.3295401568109395,0.049956195771062036,0.0080262935641117,0.0,0.0,0.0,0.0,-6.824965987636023e-19,0.0,0.0,0.0,0.0,0.0,0.0,0,0.0,0.0
2020-12-09,202.76768493652344,1.0,MSFT,204.9064147949219,204.09766143798825,204.93672174942787,51.78569593242556,0.3715121423011567,0.498516303112285,-0.1270041608111283,0.2135370900013837,3.3678332745483135,-1.5187262050736812,-0.019489810276503,0.0,0.0,0.0,0.0,-4.549977325090683e-19,0.0,0.0,0.0,0.0,0.0,0.0,0,0.0,0.0
2020-12-10,201.54229736328125,1.0,MSFT,204.64483871459962,204.11181488037107,204.41450261309762,45.27365590587832,0.07321243144093614,0.4134555287780152,-0.3402430973370791,0.1033529493462612,3.3418476151608547,-2.2793111398380406,-0.0060433080035696,0.0,0.0,0.0,0.0,-3.0333182167271223e-19,0.0,0.0,0.0,0.0,0.0,0.0,0,0.0,0.0
2020-12-11,204.1654357910156,1.0,MSFT,204.56741485595703,204.1377551269531,204.37618464046963,56.89570922414936,0.04792070997154951,0.3403485650167221,-0.2924278550451726,0.44823936451693497,3.404760391275628,-0.907187918719071,0.0130153246343427,0.0,0.0,0.0,0.0,-2.0222121444847484e-19,0.0,0.0,0.0,0.0,0.0,0.0,0,0.0,0.0
2020-12-14,205.0653839111328,1.0,MSFT,204.48390502929686,204.3014334106445,204.48221529749472,59.52491776480632,0.09934988694962499,0.2921488294033027,-0.19279894245367774,0.5773963262542361,3.350055234450317,0.3055241874602766,0.0044079357342268,0.0,0.0,0.0,0.0,-1.348141429656499e-19,0.0,0.0,0.0,0.0,0.0,0.0,0,0.0,0.0
2020-12-15,204.9983673095703,1.0,MSFT,204.3626678466797,204.3837542724609,204.5616232993525,50.75893729068974,0.13316515554629405,0.260352094631901,-0.12718693908560696,0.5906795273207107,3.1989295413482393,-0.7480961514041627,-0.0003268060180822,0.0,0.0,0.0,0.0,-8.987609531043327e-20,0.0,0.0,0.0,0.0,0.0,0.0,0,0.0,0.0
2020-12-16,209.92872619628903,1.0,MSFT,204.62019424438478,204.6500448608398,205.38733143734274,61.79676405637782,0.5514460303896556,0.31857088178345194,0.23287514860620362,1.1172187427371019,3.4143341111474763,0.8326920251009924,0.0240507227029438,0.0,0.0,0.0,0.0,-5.991739687362219e-20,0.0,0.0,0.0,0.0,0.0,0.0,0,0.0,0.0
2020-12-17,210.06271362304688,1.0,MSFT,205.01940994262696,204.8441561889648,206.10662100437412,59.64986597969178,0.8835631369696273,0.43156933282068705,0.45199380414894025,1.02928773354843,3.4533126968660457,1.9353325736337186,0.0006382519876415,0.0,0.0,0.0,0.0,-3.994493124908146e-20,0.0,0.0,0.0,0.0,0.0,0.0,0,0.0,0.0
2020-12-18,209.2681427001953,1.0,MSFT,205.31475448608398,205.00805267333982,206.59300895757738,60.570672431787806,1.0703151766328176,0.5593185015831132,0.5109966750497044,0.8910437627176959,3.404076211780697,-0.5597386961171662,-0.0037825414570117,0.0,0.0,0.0,0.0,-2.6629954166054312e-20,0.0,0.0,0.0,0.0,0.0,0.0,0,0.0,0.0
2020-12-21,213.0975952148437,1.0,MSFT,205.89874191284179,205.1486599731445,207.59371453561835,63.7264247993965,1.5099169447553322,0.7494381902175571,0.7604787545377751,1.1203020144358125,3.592128077637408,0.8598729909450548,0.0182992617282153,0.0,0.0,0.0,0.0,-1.7753302777369544e-20,0.0,0.0,0.0,0.0,0.0,0.0,0,0.0,0.0
2020-12-22,214.38999938964844,0.0,MSFT,206.56075134277344,205.20836303710934,208.63929682085376,68.04210192886647,1.940225022673303,0.9875955567087064,0.9526294659645967,1.1021968975412557,3.6174317662944224,1.5703845630793785,0.0060648463606627,0.0,0.0,0.0,0.0,-1.1835535184913031e-20,0.0,0.0,0.0,0.0,0.0,0.0,0,0.0,0.0
2020-12-23,211.59454345703125,1.0,MSFT,206.90348587036132,205.18427459716793,209.09395014949644,63.27342531613493,2.0322508210307433,1.1965266095731137,0.8357242114576295,0.8443379455048741,3.645466522441339,0.7785159545597545,-0.0130391153532143,0.0,0.0,0.0,0.0,-7.890356789942022e-21,0.0,0.0,0.0,0.0,0.0,0.0,0,0.0,0.0
