date,close,target,ticker,SMA_20,SMA_50,EMA_12,RSI,MACD,MACD_sig,MACD_hist,BB_pct,ATR,OBV_zscore,daily_return
2020-01-02,28.68400001525879,1.0,TSLA,0.0,0.0,28.68400001525879,0.0,0.0,0.0,0.0,0.0,0.0,0.0,0.0
2020-01-03,29.53400039672852,1.0,TSLA,0.0,0.0,28.814769304715668,0.0,0.06780629823689921,0.013561259647379843,0.054245038589519366,0.0,0.0,0.0,0.0296332582979208
2020-01-06,30.1026668548584,1.0,TSLA,0.0,0.0,29.01290738935301,0.0,0.1655218755868617,0.04395338283527622,0.12156849275158549,0.0,0.0,0.0,0.0192546370451349
2020-01-07,31.270666122436523,1.0,TSLA,0.0,0.0,29.360254886750475,0.0,0.3333671056754106,0.10183612740330311,0.2315309782721075,0.0,0.0,0.0,0.0388005246581539
2020-01-08,32.80933380126953,1.0,TSLA,0.0,0.0,29.8908824120611,0.0,0.5838134443049654,0.1982315907836356,0.3855818535213298,0.0,0.0,0.0,0.0492048257881216
2020-01-09,32.089332580566406,1.0,TSLA,0.0,0.0,30.22910551490807,0.0,0.7159429462030253,0.30177386186751354,0.4141690843355118,0.0,0.0,0.0,-0.0219450119000973
2020-01-10,31.87666702270508,1.0,TSLA,0.0,0.0,30.48257651610761,0.0,0.7943395434025611,0.40028699817452307,0.394052545228038,0.0,0.0,0.0,-0.0066272976331741
2020-01-13,34.990665435791016,1.0,TSLA,0.0,0.0,31.176128657597364,0.0,1.0951192061452062,0.5392534397686597,0.5558657663765465,0.0,0.0,0.0,0.0976889588509331
2020-01-14,35.861331939697266,1.0,TSLA,0.0,0.0,31.89692916253581,0.0,1.387747674917346,0.7089522867983971,0.678795388118949,0.0,0.0,0.0,0.0248828221202008
2020-01-15,34.56666564941406,1.0,TSLA,0.0,0.0,32.30765785282477,0.0,1.4979219828510786,0.8667462260089334,0.6311757568421452,0.0,0.0,0.0,-0.0361020135130578
2020-01-16,34.232666015625,1.0,TSLA,0.0,0.0,32.60381295479404,0.0,1.5405267036609942,1.0015023215393457,0.5390243821216485,0.0,0.0,0.0,-0.0096624776360147
2020-01-17,34.03333282470703,1.0,TSLA,0.0,0.0,32.82373908862681,0.0,1.540449387599395,1.1092917347513556,0.4311576528480394,0.0,0.0,0.0,-0.0058228941569139
2020-01-21,36.47999954223633,1.0,TSLA,0.0,0.0,33.38624069687443,0.0,1.7180095261278403,1.2310352930266526,0.4869742331011877,0.0,0.0,0.0,0.0718903061927893
2020-01-22,37.97066879272461,1.0,TSLA,0.0,0.0,34.09153732700523,0.0,1.9564589250010087,1.376120019421524,0.5803389055794848,0.0,1.6532852990286693,0.0,0.0408626444406172
2020-01-23,38.14666748046875,1.0,TSLA,0.0,0.0,34.71540350446115,81.57590742586717,2.1350222077558527,1.5279004570883896,0.6071217506674631,0.0,1.7361899784633097,0.0,0.004635122144013
2020-01-24,37.654666900634766,1.0,TSLA,0.0,0.0,35.16759787310325,77.7610652567292,2.211343568699469,1.6645890794106055,0.5467544892888636,0.0,1.7164754867553713,0.0,-0.0128976031808254
2020-01-27,37.20133209228516,1.0,TSLA,0.0,0.0,35.4804800606697,74.46016039656308,2.2097755497561877,1.773626373479722,0.43614917627646577,0.0,1.7830468586512975,0.0,-0.0120392728355793
2020-01-28,37.79333114624024,1.0,TSLA,0.0,0.0,35.83630330460363,73.40445146232871,2.2305894132955473,1.865018981442887,0.36557043185266025,0.0,1.776856422424316,0.0,0.0159133832220446
2020-01-29,38.732666015625,1.0,TSLA,0.0,0.0,36.28189756783769,72.2091620234466,2.2964094450987247,1.9512970741740547,0.34511237092466995,0.0,1.7418090275355742,0.0,0.0248545137699036
2020-01-30,42.72066879272461,1.0,TSLA,34.837566471099855,0.0,37.27247775628183,82.01566238901408,2.6399392135439257,2.0890255020480293,0.5509137114958964,1.046853384551073,1.9511423110961903,2.080706839640044,0.1029622586653555
2020-01-31,43.37133407592773,1.0,TSLA,35.5719331741333,0.0,38.21076334391966,83.72583878705721,2.9309066135380633,2.2574017243460363,0.673504889192027,1.016347387707926,1.9951422555106013,2.2194791098224584,0.0152306904735051
2020-02-03,52.0,0.0,TSLA,36.69523315429687,0.0,40.332184367932015,87.70467252987147,3.8137985064675703,2.568681080770343,1.2451174256972273,1.261934638575468,2.414618355887277,2.716503831813199,0.1989485937639492
2020-02-04,59.137332916259766,0.0,TSLA,38.14696645736694,0.0,43.22528414459782,90.37794033370879,5.031420723518906,3.061229009320056,1.97019171419885,1.2636617833216433,3.2071898324148997,2.930195111338578,0.1372564022357647
2020-02-05,48.97999954223633,1.0,TSLA,39.032433128356935,0.0,44.110624975003745,69.12326519374207,5.117788507913168,3.4725409090386785,1.64524759887449,0.8514123806361539,3.9777614048549106,1.7889070348218683,-0.1717583947927872
2020-02-06,49.93066787719727,1.0,TSLA,39.88849983215332,0.0,45.00601619072582,70.49240182972383,5.202969989553274,3.818626725141598,1.3843432644116764,0.8431598037714717,4.370618547712054,2.0277053586714677,0.0194093169425444
2020-02-07,49.87133407592773,1.0,TSLA,40.77759990692139,0.0,45.75452663460304,70.7510070281302,5.205681331596772,4.096037646432633,1.109643685164139,0.8072914912112259,4.500332696097238,1.567736842911657,-0.0011883238056313
2020-02-10,51.41866683959961,1.0,TSLA,41.754699897766116,0.0,46.62593281998713,70.04508308912217,5.271915551307281,4.331213227407563,0.9407023238997176,0.8242442749087016,4.661475590297154,1.6756507284382445,0.0310264963298576
2020-02-11,51.62533187866211,1.0,TSLA,42.586433219909665,0.0,47.395071136706356,68.97605409563941,5.280215748768562,4.521013731679763,0.759202017088799,0.7979745047135232,4.557713917323522,1.6046079208352846,0.0040192609370288
2020-02-12,51.15266799926758,1.0,TSLA,43.351000022888186,0.0,47.97316296171577,67.92678288267739,5.18883997293873,4.654578979931557,0.5342609930071731,0.755272508548934,4.557618822370257,1.3003402041495242,-0.0091556579336954
2020-02-13,53.59999847412109,1.0,TSLA,44.302666664123535,0.0,48.838829963624285,70.85411316113577,5.25334582778472,4.77433234950219,0.47901347828253016,0.8028807942836117,4.859523773193359,1.4355387353105642,0.0478436525517798
2020-02-14,53.33533477783203,1.0,TSLA,45.25780010223389,0.0,49.53059993504086,71.20551758439223,5.222904640535191,4.864046807708791,0.35885783282640027,0.7677362521521384,4.8687141963413785,1.1389275025056387,-0.0049377556683484
2020-02-18,57.22666549682617,0.0,TSLA,46.417466735839845,0.0,50.71461002146937,73.50352206898714,5.449953971236255,4.981228240414284,0.468725730821971,0.8598864314915949,5.064809254237583,1.2220857502093114,0.0729597130158357
2020-02-19,61.16133117675781,0.0,TSLA,47.65153331756592,0.0,52.32179789151374,75.29359209842076,5.879610350426944,5.160904662416816,0.7187056880101279,0.9323603141706518,5.3670948573521216,1.3952827351138282,0.0687558089532556
2020-02-20,59.96066665649414,0.0,TSLA,48.75103321075439,0.0,53.49700847074149,70.7464278054599,6.053452106291189,5.339414151191691,0.7140379550994984,0.8536565387665876,5.307999474661692,1.0748608655113572,-0.0196311050979861
2020-02-21,60.06666564941406,0.0,TSLA,49.84703311920166,0.0,54.50772495976804,70.35785151960769,6.129123463098203,5.497356013572994,0.631767449525209,0.8235683149175174,5.36576134817941,1.1383920252703799,0.0017678087791648
2020-02-24,55.58599853515625,0.0,TSLA,50.74359970092773,0.0,54.673613202135456,54.86479157502522,5.761130443355512,5.550110899529498,0.21101954382601384,0.6626309006523884,5.095428194318499,0.8657376263732568,-0.0745949032764651
2020-02-25,53.32733154296875,0.0,TSLA,51.549899673461915,0.0,54.46649294687904,40.91562319534545,5.226984352233259,5.48548559007025,-0.25850123783699086,0.5659299155651846,4.526904242379325,0.5657121863424485,-0.0406337396414488
2020-02-26,51.91999816894531,0.0,TSLA,52.256233024597165,0.0,54.07472451950462,56.328569995091215,4.636661141577385,5.315720700371678,-0.6790595587942931,0.4857808158749464,3.832856859479631,0.26491157402296056,-0.0263904705767898
2020-02-27,45.26666641235352,1.0,TSLA,52.582933044433595,0.0,52.71963865686599,41.93934174015914,3.590567646759027,4.970690089649148,-1.380122442890121,0.15297782637178933,3.837475912911551,-0.33217445089289543,-0.1281458395846268
2020-02-28,44.53266525268555,1.0,TSLA,52.67353286743164,0.0,51.46010428699207,40.98359768561613,2.67150777743484,4.510853627206286,-1.8393458497714459,0.10135043378113569,4.024380820138115,-1.1029320140414294,-0.0162150478009942
2020-03-02,49.574668884277344,0.0,TSLA,52.98369960784912,0.0,51.170037301959034,47.214503507736524,2.3232132090892037,4.07332554358287,-1.7501123344936662,0.317940860022793,4.042381014142718,-0.8680498963322234,0.1132203429321523
2020-03-03,49.70066833496094,0.0,TSLA,52.86873302459717,0.0,50.94398053780548,47.085549521206374,2.0339087232992696,3.66544217952615,-1.6315334562268804,0.33271650035607053,4.3536191667829245,-0.16726842046615908,0.0025416095259802
2020-03-04,49.96666717529297,0.0,TSLA,52.41019973754883,0.0,50.79362463588048,48.19276926344636,1.805286498353027,3.293411043291526,-1.4881245449384988,0.3653081271671668,4.427000045776368,0.3402333465385335,0.0053520173720666
2020-03-05,48.30266571044922,0.0,TSLA,52.37633304595947,0.0,50.410400185814126,41.73049639984109,1.4728525984406176,2.929299354321344,-1.4564467558807266,0.2768981928032878,4.181428636823383,-0.14853614940199658,-0.0333022304450705
2020-03-06,46.89866638183594,0.0,TSLA,52.22473297119141,0.0,49.87013344674056,40.29706384130772,1.08361409681428,2.5601623028199314,-1.4765482060056514,0.2166195139899096,4.242380959647044,-0.6420952070602773,-0.0290667048694489
2020-03-09,40.53333282470703,0.0,TSLA,51.75783290863037,0.0,48.43370258181233,26.58237358526148,0.2585303819022897,2.099835918636403,-1.8413055367341133,-0.023337232270296236,4.425762176513674,-1.3045606243727,-0.1357252572024996
2020-03-10,43.02199935913086,0.0,TSLA,51.337999534606936,0.0,47.60113285524595,23.477924080348032,-0.19232283793969884,1.6414041673211828,-1.8337270052608816,0.13574397576348426,4.300143105643138,-0.6686554644345742,0.0613980238236631
2020-03-11,42.28200149536133,0.0,TSLA,50.870833015441896,0.0,46.78280495372524,23.798516230216123,-0.6023948729549033,1.1926443592659657,-1.795039232220869,0.14535899808088662,4.219666889735632,-1.0798139580376818,-0.0172004526705585
2020-03-12,37.369998931884766,0.0,TSLA,50.18169956207275,0.0,45.33468095036517,20.55593303545139,-1.3086521433671692,0.6923850587393388,-2.0010372021065077,0.026452146944266633,4.483333587646485,-1.5868023627672758,-0.116172423011135
2020-03-13,36.44133377075195,0.0,TSLA,49.3237663269043,43.88627979278564,43.96647369196313,22.642663838187076,-1.9211557482151065,0.1696768973484497,-2.090832645563556,0.06292009155589559,4.6108095986502535,-1.991844076511767,-0.0248505535904755
2020-03-16,29.67133331298828,0.0,TSLA,48.14056625366211,43.906026458740236,41.767221325967,20.056710559632904,-2.9192009936786434,-0.4480986808569689,-2.4711023128216745,-0.043021403279840206,4.776762008666994,-2.149200112709424,-0.1857780645558401
2020-03-17,28.68000030517578,1.0,TSLA,46.71323299407959,43.88894645690918,39.753802707383734,20.270181903430284,-3.74695872230118,-1.1078706891458112,-2.6390880331553688,0.01313030309911741,4.960809435163227,-2.2626111936523996,-0.033410463808802
2020-03-18,24.08133316040039,1.0,TSLA,44.85923309326172,43.76851978302002,37.34265354630937,21.394882732374,-4.719631715280393,-1.8302228943727274,-2.8894088209076654,-0.02446251067248566,4.8174285888671875,-2.331026075265568,-0.1603440409986845
2020-03-19,28.50933265686035,1.0,TSLA,43.28666639328003,43.713293113708495,35.98368110177876,30.327239993714713,-5.074681744645865,-2.479114664427355,-2.59556708021851,0.12597578177567278,4.8866667066301614,-1.5120713362407097,0.1838768421567878
2020-03-20,28.50200080871582,1.0,TSLA,41.70843315124512,43.62714645385742,34.832653364384456,20.47818714966361,-5.295608590358029,-3.04241344961349,-2.253195140744539,0.15507696736272272,4.770047460283552,-1.850172162075954,-0.0002571736151377
2020-03-23,28.952667236328125,1.0,TSLA,40.37676658630371,43.564413146972655,33.92804011391425,21.195064774725807,-5.372400009834578,-3.508410761657708,-1.8639892481768703,0.19586503160165306,4.487333025251116,-1.3815503742127524,0.0158117470642444
2020-03-24,33.66666793823242,1.0,TSLA,39.39373340606689,43.6002131652832,33.8878290099632,29.85797646752701,-4.995294655599231,-3.805787540446013,-1.1895071151532184,0.3406289253901225,4.66642815726144,-0.8380102638390954,0.1628174932356298
2020-03-25,35.95000076293945,0.0,TSLA,38.5952335357666,43.619399871826175,34.20508620272878,34.965841640745225,-4.460769099676391,-3.9367838522920886,-0.5239852473843021,0.4222820104514544,4.764380318777902,-0.341155792561437,0.0678217645089267
2020-03-26,35.21066665649414,0.0,TSLA,38.092433547973634,43.60638656616211,34.35979088792345,35.54085681189743,-4.050124514784606,-3.9594519847905927,-0.09067252999401365,0.414134882603597,4.799999237060547,-0.6379372960211273,-0.020565621439638
2020-03-27,34.29066848754883,0.0,TSLA,37.5803337097168,43.600866622924805,34.3491566724812,41.07476696169889,-3.7556293291039538,-3.918687453653265,0.16305812454931123,0.4007769935738046,4.493570600237165,-0.8642774516347427,-0.026128393930185
2020-03-30,33.47533416748047,1.0,TSLA,36.775366973876956,43.585719985961916,34.21472244094262,35.665092802248125,-3.5471412025607023,-3.8443782034347525,0.29723700087405014,0.3946559554545427,4.328903743198939,-1.005948912415191,-0.0237771485955257
2020-03-31,34.93333435058594,1.0,TSLA,36.037000274658205,43.60372001647949,34.325278119349285,39.19843135759675,-3.2270648357897898,-3.7209155299057604,0.4938506941159706,0.46179058635216697,4.354523250034878,-0.5693205164455757,0.0435544623934431
2020-04-01,32.104000091552734,1.0,TSLA,35.14386692047119,43.51620002746582,33.98354303814982,41.754870745377126,-3.1652189641310144,-3.609776216750811,0.44455725261979673,0.38260494266631473,4.168428148542132,-0.7813253629860775,-0.0809923905527714
2020-04-02,30.29800033569336,1.0,TSLA,34.2436336517334,43.36274665832519,33.41653646854113,40.638396966781976,-3.2247617065850775,-3.5327733147176645,0.308011608132587,0.3287463839055353,3.8936188561575755,-1.1583730841217625,-0.0562546645498724
2020-04-03,32.000667572021484,1.0,TSLA,33.49873371124268,43.23982666015625,33.19871048446119,54.19790639884405,-3.0988372756202267,-3.4459861068981774,0.3471488312779507,0.42422562096676814,3.686809403555734,-0.5295761042964259,0.0561973469358718
2020-04-06,34.41600036621094,1.0,TSLA,33.19286708831787,43.17505332946777,33.385985850884225,59.83269371411951,-2.7721880281697437,-3.311226491152491,0.5390384629827474,0.565536966070163,3.5208093098231723,-0.039723390863044605,0.0754775752334993
2020-04-07,36.36333465576172,1.0,TSLA,32.859933853149414,43.158293380737305,33.84403951317307,73.159022526375,-2.32933146045184,-3.114847485012361,0.785516024560521,0.7118192084709088,3.373523575919015,0.6942405122225412,0.056582237006908
2020-04-08,36.589332580566406,1.0,TSLA,32.57530040740967,43.13421340942383,34.266392292772046,68.10468582295145,-1.9377906517374228,-2.879436118357374,0.941645466619951,0.7775585625650011,3.041809218270438,1.4039054891379228,0.0062149944977303
2020-04-09,38.20000076293945,1.0,TSLA,32.616800498962405,43.123560104370114,34.87156282664395,70.27343314204292,-1.4804584747862535,-2.59964058964315,1.1191821148568963,0.87953651732022,2.9233807155064175,2.0283031119908514,0.0440201574824166
2020-04-13,43.39666748046875,1.0,TSLA,32.96456718444824,43.137080078125,36.183117388770846,75.19536614916818,-0.6907295555511013,-2.2178583828247405,1.5271288272736392,1.102394118574501,3.1495711462838307,2.4731882073546676,0.1360383930298492
2020-04-14,47.32600021362305,0.0,TSLA,33.84730052947998,43.21617340087891,37.89740705413272,74.49723605713973,0.24932653430698792,-1.7244213993983948,1.9737479337053827,1.1344536427580407,3.2044760840279713,2.66404110103285,0.0905445731500638
2020-04-15,48.65533447265625,1.0,TSLA,34.846067237854,43.149280090332034,39.55247281082865,73.59364097521859,1.0890401463488075,-1.1617290902489543,2.250769236597762,1.0653170338481637,3.162762096949986,2.5346844943005573,0.0280888782705652
2020-04-16,49.68066787719727,0.0,TSLA,36.12603397369385,42.960146789550784,41.11065666719305,76.5881876632487,1.816317690660064,-0.5661197340671507,2.3824374247272146,1.0288793072765132,3.186476707458496,2.3966825208441853,0.0210734016250007
2020-04-17,50.25933456420898,0.0,TSLA,37.21353406906128,42.98573348999023,42.51814557442626,79.71467146331318,2.4115847025098702,0.029421153248253507,2.382163549261617,0.9743825383201691,3.165571893964494,2.1633492859291796,0.0116477235862062
2020-04-20,49.75733184814453,1.0,TSLA,38.27630062103272,42.98226676940918,43.63186653961369,80.65519317773088,2.8104337435322435,0.5856236713050516,2.224810072227192,0.9044386048729576,3.298619542803082,1.677705751215591,-0.0099882483605728
2020-04-21,45.78133392333984,1.0,TSLA,39.1177339553833,42.900466766357425,43.962553829417715,68.65541378292386,2.773720949835642,1.0232431270111697,1.7504778228244724,0.7404272647209752,3.458524022783552,1.216250370353698,-0.0799077799617377
2020-04-22,48.80733489990234,1.0,TSLA,39.8747673034668,42.84824012756348,44.707904763338426,78.53189727242693,2.9547384007696706,1.40954218176287,1.5451962190068007,0.8133661392495599,3.4508096149989536,1.2878156495290998,0.0660968284941083
2020-04-23,47.04199981689453,1.0,TSLA,40.429367256164554,42.75657348632812,45.066996310039364,78.64114806310354,2.9220645064094413,1.7120466466921842,1.210017859717257,0.7284768612671272,3.3699049268450056,0.9878975034316245,-0.0361694627790737
2020-04-24,48.34333419799805,0.0,TSLA,41.08600063323975,42.70038681030273,45.571048292802246,78.3438117520779,2.966975571070982,1.963032431567944,1.0039431395030383,0.747444424847324,3.2343333108084544,1.0697302082299216,0.0276632453162877
2020-04-27,53.25,0.0,TSLA,42.03396720886231,42.69338684082031,46.75242547852498,80.06640500255405,3.3597655509960305,2.2423790554535614,1.117386495542469,0.8676343444929614,3.3931427001953125,1.2353186938353489,0.1014962224555282
2020-04-28,51.27466583251953,0.0,TSLA,42.923933792114255,42.65217346191406,47.44815476375491,73.78303564453351,3.471642546967395,2.4882317537563283,0.9834107932110667,0.774176087271766,3.3909999302455356,0.9227570250695625,-0.0370954773235768
2020-04-29,53.367332458496094,0.0,TSLA,43.84563369750977,42.57498680114746,48.35879748602278,75.2564026882574,3.6866689550346337,2.7279191940119896,0.9587497610226441,0.8086924237404508,3.4395713806152344,1.0554147744105309,0.0408128769246769
2020-04-30,52.12533187866211,0.0,TSLA,44.846700286865236,42.394266815185546,48.9382643156596,71.19747640048416,3.7140466478067182,2.9251446847709355,0.7889019630357827,0.7458963928750909,3.8204283033098494,0.5536815237869973,-0.0232726749233698
2020-05-01,46.75466537475586,1.0,TSLA,45.66953353881836,42.13014678955078,48.60232601705903,55.08469044800525,3.264741852398515,2.9930641182964517,0.27167773410206353,0.5413221742986633,3.914904458182199,-0.07980939595150296,-0.1030337133662409
2020-05-04,50.74599838256836,1.0,TSLA,46.6068000793457,41.94373344421387,48.93212176559893,55.168866282368114,3.1939143255378326,3.033234159744728,0.16068016579310473,0.6782595682462035,3.7866663251604353,0.1759320407047284,0.085367587936316
2020-05-05,51.2140007019043,1.0,TSLA,47.44670009613037,41.856293487548825,49.28318006349206,53.970452834982375,3.139358307738874,3.0544589893435576,0.08489931839531639,0.6838221339827473,3.7604282924107144,0.4579542382072709,0.0092224477644073
2020-05-06,52.172000885009766,1.0,TSLA,48.23713340759277,41.83318687438965,49.72761403603325,53.87406305389264,3.137260492927723,3.071019290060391,0.06624120286733204,0.7183174544183618,3.645951952253069,0.6753610166580031,0.0187058259455572
2020-05-07,52.00266647338867,1.0,TSLA,49.00780010223389,41.83484024047851,50.077622103318696,52.74586513582121,3.086356491303306,3.074086730308974,0.012269760994331858,0.7054276428155258,3.618856702532088,0.25443457988005364,-0.003245695176505
2020-05-08,54.62799835205078,0.0,TSLA,49.829199981689456,42.02206687927246,50.77767998773902,57.19066072828856,3.220730469054338,3.103415478058047,0.11731499099629117,0.9218422263847618,3.5740950448172444,0.820004965711463,0.0504845627484422
2020-05-11,54.08599853515625,1.0,TSLA,50.36366653442383,42.213133544921874,51.28665207195706,63.64372584322168,3.2460692927930026,3.1319462410050383,0.11412305178796434,0.8632396747948506,3.3810476575578963,-0.08294284307487286,-0.0099216488475673
2020-05-12,53.96066665649414,0.0,TSLA,50.695399856567384,42.30085350036621,51.698038931116606,59.35834952385797,3.2189314202984747,3.1493432768637257,0.06958814343474895,0.8167255954525179,3.3239522661481575,-1.1673693415132014,-0.0023172703112921
2020-05-13,52.73066711425781,1.0,TSLA,50.89916648864746,42.361453475952146,51.85690480544602,60.53534903673175,3.0628669536323585,3.1320480122174525,-0.06918105858509405,0.6782538276297007,3.4755235399518685,-2.052836283483425,-0.0227943726134135
2020-05-14,53.55533218383789,1.0,TSLA,51.09289970397949,42.43322677612305,52.11820132519862,59.826048758933595,2.971475004346125,3.099933410643187,-0.12845840629706196,0.7351819442848376,3.5079522814069466,-1.145103647260105,0.0156391928020402
2020-05-15,53.27799987792969,1.0,TSLA,51.243832969665526,42.53273345947266,52.296631871772625,50.06395002767103,2.843885287432933,3.0487237860011365,-0.2048384985682037,0.6916300457092491,3.2420474461146753,-1.5527362506646265,-0.0051784256506188
2020-05-18,54.242000579833984,1.0,TSLA,51.46806640625,42.679600143432616,52.595919365320526,57.105460415463575,2.7884132257590366,2.9966616739527168,-0.20824844819368016,0.7558585290563121,3.181285313197544,-0.8263407796730123,0.0180937855045799
2020-05-19,53.867332458496094,1.0,TSLA,51.87236633300781,42.9462801361084,52.79152137965522,51.30462011817545,2.683287364617094,2.9339868120855925,-0.2506994474684987,0.7075348250876895,3.095142636980328,-1.2455668518406722,-0.0069073433378705
2020-05-20,54.37066650390625,0.0,TSLA,52.15053291320801,43.173253479003904,53.03446678338615,56.09350480698655,2.6104970284318654,2.8692888553548475,-0.2587918269229821,0.7360704109042698,2.6745237622942235,-0.7854889003875359,0.009343957133908
2020-05-21,55.17333221435547,1.0,TSLA,52.55709953308106,43.43108009338379,53.36352300353528,80.37914063035564,2.5877486219586814,2.812980808675614,-0.22523218671693268,0.8096632173712435,2.377666745867047,-0.14693021395983744,0.014762844784909
2020-05-22,54.45866775512695,1.0,TSLA,52.8628662109375,43.772853469848634,53.532006811472456,67.5468069179478,2.4834255133365772,2.7470697496078067,-0.26364423627122946,0.7097241770652594,2.167095456804547,-0.6022343949289748,-0.012953077701596
2020-05-26,54.5913314819336,1.0,TSLA,52.92993278503418,44.135853424072266,53.69497983769725,66.48444682935624,2.3839726000207975,2.674450319690405,-0.29047771966960756,0.7141085597207253,2.077380861554826,-0.09562147239224604,0.0024360442933193
2020-05-27,54.68199920654297,1.0,TSLA,53.10029945373535,44.63606674194336,53.846828971365824,63.38428866960805,2.286118624884452,2.5967839807292146,-0.31066535584476274,0.7041958074463216,2.1441429683140343,0.6032546552314644,0.001660844719264
2020-05-28,53.72066879272461,1.0,TSLA,53.11796627044678,45.13688011169434,53.82741971311333,58.44753928869935,2.1067124446880143,2.498769673520975,-0.39205722883296046,0.5776410184938982,2.1394288199288494,0.3204183292935176,-0.0175803816204168
2020-05-29,55.66666793823242,1.0,TSLA,53.295033073425294,45.768586807250976,54.11038097851627,55.47283311538294,2.0973803271422824,2.4184918042452366,-0.3211114771029542,0.7955973211120225,2.076714651925222,1.06459072646675,0.0362244028088376
2020-06-01,59.87333297729492,1.0,TSLA,53.95096645355225,46.395866813659666,54.99698897832837,71.99840266292446,2.4017414879972705,2.4151417409956433,-0.013400252998372775,1.2807171362624097,2.1957620893205907,1.80977594701507,0.07556883131087
2020-06-02,58.77066802978516,1.0,TSLA,54.352199935913085,47.00124015808105,55.5775549862448,67.01893754010392,2.5248689374356275,2.43708718028364,0.08778175715198744,1.044930471217207,2.2070478711809427,0.8637192523015228,-0.0184166287841017
2020-06-03,58.86399841308594,1.0,TSLA,54.73469982147217,47.59946678161621,56.08316166729728,73.59944458633133,2.600008035949095,2.469671351416731,0.1303366845323639,0.9862053136310671,1.9934289114815849,1.2739366903117637,0.001588043601163
2020-06-04,57.62533187866211,1.0,TSLA,55.00736637115479,48.0786400604248,56.32041862289187,65.17676539218516,2.530436973224134,2.481824475778212,0.04861249744592211,0.807712122854728,1.9836671011788505,0.7791681039829691,-0.021042854169221
2020-06-05,59.04399871826172,1.0,TSLA,55.359432983398435,48.54052001953125,56.73943094525646,69.81444562832706,2.560262846063239,2.4975121498352175,0.06275069622802132,0.9215004446036152,2.0010008130754744,1.1863177250163708,0.0246188055382796
2020-06-08,63.32799911499024,1.0,TSLA,55.79443302154541,49.102866668701175,57.753056817523195,75.42250950472945,2.896197531974643,2.5772492262631026,0.3189483057115403,1.1704806995883252,2.138096128191267,1.905469845424438,0.0725560681818036
2020-06-09,62.711334228515625,1.0,TSLA,56.22569980621338,49.671279983520506,58.515868726906646,74.41477876337315,3.07719648261979,2.67723867753444,0.39995780508535006,1.0112219866435346,2.2072388785226003,1.1734919450426808,-0.0097376341443361
2020-06-10,68.336669921875,0.0,TSLA,56.94449996948242,50.3685066986084,60.02676121844024,80.05511726991372,3.6326817387764834,2.868327289782849,0.7643544489936343,1.191461112213706,2.5349529811314175,1.8627074452766892,0.0897020572526978
2020-06-11,64.85600280761719,1.0,TSLA,57.55076675415039,50.96696006774902,60.769721462929006,68.6837668593449,3.7488328478612942,3.0444284013985383,0.7044044464627559,0.919669345748619,2.613762446812221,0.9823017741323832,-0.0509341048991272
2020-06-12,62.35200119018555,1.0,TSLA,57.990600204467775,51.57192008972168,61.01314911327617,64.24721306310227,3.597363270421951,3.155015375203221,0.4423478952187301,0.7494392887552784,2.8785242353166853,0.05621407773440394,-0.0386086331107897
2020-06-15,66.05999755859375,1.0,TSLA,58.629700088500975,52.287160034179685,61.78958733563272,68.3342261264439,3.733489513834833,3.2707102029295436,0.46277931090528934,0.9059777059098263,3.218762534005301,0.8205817838446037,0.0594687627923617
2020-06-16,65.47533416748047,1.0,TSLA,59.1913667678833,52.956653366088865,62.35662530976314,66.98632860762447,3.7509544253221065,3.366759047408056,0.38419537791405034,0.8345046414243373,3.2558097839355464,-0.05134214267478085,-0.0088504906557814
2020-06-17,66.11933135986328,0.0,TSLA,59.80396671295166,53.59071998596191,62.9355031636247,69.70962484198571,3.7732648365597967,3.448060205238405,0.3252046313213919,0.8314078338670183,3.2549048832484653,0.46805884520670876,0.0098357221169047
2020-06-18,66.9306640625,0.0,TSLA,60.431966590881345,54.202066574096676,63.55014330191321,68.57601669280999,3.812466031482735,3.520941370487271,0.29152466099546404,0.835857298662409,3.2388098580496654,1.0555974430477766,0.012270733625858
2020-06-19,66.72666931152344,0.0,TSLA,61.009633445739745,54.80481330871582,64.03883961108401,63.021243366566765,3.7834592264985076,3.5734449416895187,0.21001428480898898,0.793716308110796,3.051333563668387,0.35083148338319203,-0.0030478518902198
2020-06-22,66.28800201416016,1.0,TSLA,61.60110015869141,55.366573333740234,64.38486459617265,64.65253845854137,3.6826233501371632,3.5952806233790477,0.0873427267581155,0.7469195447681364,2.9618097032819475,-0.28194587210903876,-0.0065740925163715
2020-06-23,66.78533172607422,1.0,TSLA,62.21080017089844,55.83434661865235,64.75416723154211,65.20060259837608,3.6013266906889427,3.5964898368410267,0.0048368538479159895,0.7498250391096294,2.9625238691057474,0.19728655990844837,0.0075025599927995
2020-06-24,64.0566635131836,1.0,TSLA,62.67953338623047,56.168959884643556,64.64685896717927,61.673809014383714,3.2789204283756987,3.532975955147961,-0.2540555267722624,0.5813281848854481,3.0164759499686107,-0.9489774561849151,-0.0408572981876094
2020-06-25,65.73200225830078,1.0,TSLA,63.28010005950928,56.510493240356446,64.81380408889028,62.027633330131856,3.1226015708646955,3.450901078291308,-0.3282995074266126,0.6649664558749843,3.143571308680943,-0.10541956935947311,0.0261540119830372
2020-06-26,63.982666015625,1.0,TSLA,63.695899963378906,56.796533203125,64.68593669300331,51.295446924924185,2.8249961381185145,3.3257200902567496,-0.5007239521382352,0.5220197717419227,3.028285707746233,-1.1324119595517033,-0.0266131592310482
2020-06-29,67.29000091552734,1.0,TSLA,64.06673336029053,57.13714653015137,65.08656195800701,58.18827876891272,2.8234687838153576,3.225269828968471,-0.40180104515311355,0.7502807221065025,3.1757619040352956,-0.03871172334765888,0.0516911080118898
2020-06-30,71.98733520507812,1.0,TSLA,64.72756671905518,57.58174659729004,66.14821938063334,56.752822425749294,3.164811981931578,3.2131782595610927,-0.04836627762951462,1.0298758906523438,3.1621903010777066,1.7054695641792734,0.0698073149894527
2020-07-01,74.64199829101562,1.0,TSLA,65.51646671295165,58.15895988464356,67.45495459761523,68.67224386896427,3.6079478735568813,3.292132182360251,0.31581569119663033,1.1003443160248336,3.173952102661133,2.4614847136496945,0.0368768072658178
2020-07-02,80.57733154296875,1.0,TSLA,66.664066696167,58.79435981750488,69.4737818199773,80.74864424126102,4.3874917759996634,3.5112041010881336,0.8762876749115298,1.2464184816149861,3.331047603062221,2.8594710055717223,0.0795173412803385
2020-07-06,91.43866729736328,1.0,TSLA,68.28380012512207,59.68229316711426,72.85299497034438,84.49188944704235,5.814676981671511,3.971898677204809,1.8427783044667017,1.3337746809271431,3.706238337925503,2.931645691896464,0.1347939370342961
2020-07-07,92.65733337402344,1.0,TSLA,69.75026683807373,60.56857315063476,75.89981626321809,86.3169146067063,6.9637934311859055,4.570277628001029,2.3935158031848767,1.157282825452988,3.907667432512556,2.8408736294888293,0.0133276885225916
2020-07-08,91.05867004394533,1.0,TSLA,71.16763362884521,61.32474655151367,78.2319476140992,82.49171368358948,7.657210173777159,5.187664137156255,2.469546036620904,1.0099592996368325,4.303143637520925,1.8930094280110048,-0.0172535003098448
2020-07-09,92.9520034790039,1.0,TSLA,72.39840030670166,62.15829330444336,80.49657159331531,82.97179424763749,8.264258890868689,5.802983087898742,2.461275802969947,0.9729318740409125,4.4453811645507795,1.939119471602224,0.0207924564914558
2020-07-10,102.97666931152344,0.0,TSLA,74.30443363189697,63.150480041503904,83.95504816534734,86.779126458591,9.445375714080214,6.531461613135036,2.9139141009451777,1.0659038588404963,5.151476178850445,2.1484347814477904,0.1078477650541864
2020-07-13,99.8040008544922,1.0,TSLA,76.17703361511231,64.10405342102051,86.39334857906192,82.2178319944345,10.010022172000347,7.2271737249080985,2.782848447092249,0.9360979913851526,6.603952680315289,1.036720620867296,-0.0308095851054701
2020-07-14,101.12000274658205,1.0,TSLA,77.93003387451172,65.19136016845704,88.65898768175732,82.49337325840455,10.443314879175716,7.870401955761622,2.572912923414094,0.9023928737992133,7.275428771972655,1.446086523342757,0.0131858630999019
2020-07-15,103.06732940673828,1.0,TSLA,79.80963363647462,66.23778678894043,90.8756556394467,87.47278147792035,10.819119384705346,8.460145441550367,2.3589739431549788,0.8842688324497218,7.486667360578264,1.6193308421946109,0.0192575811636046
2020-07-16,100.04266357421876,1.0,TSLA,81.50580024719238,67.21436004638672,92.28596455248857,82.12528782746116,10.748974422230361,8.917911237686367,1.8310631845439946,0.8006414898955105,7.635143280029296,1.1608436151169812,-0.0293465043668995
2020-07-17,100.05599975585938,0.0,TSLA,83.16206703186035,68.17204002380372,93.48135458377638,84.91058167320799,10.572585962732916,9.248846182695676,1.32373978003724,0.7716939032572944,7.670285633632114,1.2317574875592512,0.0001333049437524
2020-07-20,109.53333282470705,0.0,TSLA,85.30240020751953,69.32265335083008,95.95088969776572,86.52035355550073,11.069931135710135,9.613063173298567,1.4568679624115681,0.8762564320326315,8.148952484130858,1.4345591060484777,0.0947202875586945
2020-07-21,104.55733489990234,0.0,TSLA,87.21586685180664,70.32124008178711,97.27495819040213,78.0225116668157,10.93649026998753,9.87774859263636,1.0587416773511702,0.7710447193828265,8.306285858154295,0.9894970993365568,-0.0454290743875026
2020-07-22,106.15533447265624,0.0,TSLA,89.18436698913574,71.36262680053711,98.64116992613353,77.61550329218582,10.834785964812127,10.069156067071514,0.7656298977406131,0.7690499809162757,8.348667144775389,1.1789967796057725,0.0152834765182541
2020-07-23,100.87133026123048,0.0,TSLA,91.02510032653808,72.30084007263184,98.98427151614844,67.98922043318726,10.21011375483377,10.097347604623966,0.1127661502098043,0.6663128596938627,8.824190412248882,0.5681979195491474,-0.0497761533857427
2020-07-24,94.46666717529295,1.0,TSLA,92.46183357238769,73.13556007385255,98.28925546370913,52.91437843051843,9.093430338396075,9.896564151378389,-0.8031338129823133,0.5369653869169437,8.716570717947821,0.020024240766793364,-0.0634933937061315
2020-07-27,102.63999938964844,0.0,TSLA,94.39470024108887,74.11725341796875,98.9586006830844,58.47367532119,8.766910797450208,9.670633480592752,-0.9037226831425436,0.6725729464010943,8.917284829275944,0.35300385231358106,0.0865208063198523
2020-07-28,98.43267059326172,1.0,TSLA,95.95183372497559,75.0203468322754,98.8776883615732,55.993888810130045,8.075555460559201,9.351617876586042,-1.276062416026841,0.5613155054384862,8.842808314732139,-0.282160549767599,-0.0409911225779979
2020-07-29,99.94066619873048,0.0,TSLA,97.3495002746582,75.93432014465333,99.04122341344355,55.716480614272456,7.562162120006107,8.993726725270056,-1.431564605263949,0.5769496553813581,8.847760336739674,-0.07889416731607349,0.0153200720490458
2020-07-30,99.16600036621094,0.0,TSLA,98.57570037841796,76.84029350280761,99.06041986771545,46.327230286672986,7.011955679998508,8.597372516215747,-1.5854168362172398,0.5226846213112245,8.225522722516738,-0.6314517804559068,-0.0077512574408813
2020-07-31,95.38400268554688,1.0,TSLA,99.31603393554687,77.66056022644042,98.49481722430491,45.78940712519604,6.19927611082278,8.117753235137155,-1.918477124314375,0.30430170597176776,7.140712738037105,-1.4732233998273456,-0.0381380479871881
2020-08-03,99.0,0.0,TSLA,99.69410057067871,78.53709358215332,98.57253765133491,48.065219374195344,5.7803699536662805,7.6502765788429805,-1.8699066251767,0.4628521793901701,6.759998321533199,-0.9920984069003588,0.0379098927770311
2020-08-04,99.13333129882812,0.0,TSLA,100.01790046691895,79.43058685302735,98.65881359710309,46.286764764127824,5.396930077126356,7.199607278499656,-1.8026772013732995,0.44942626093931154,6.6286168779645624,-0.45919302287779823,0.0013467807962437
2020-08-05,99.00133514404295,1.0,TSLA,100.41503372192383,80.31878692626952,98.71150921970923,48.960334596622225,5.024481134986857,6.764582049797096,-1.740100914810239,0.40808193632443607,6.397759573800221,-0.7802638323792256,-0.0013315012524625
2020-08-06,99.30533599853516,1.0,TSLA,100.73270034790039,81.21125366210937,98.80286718568244,49.25485987130617,4.699668144381349,6.351599268713947,-1.6519311243325987,0.3961687029774599,6.362236022949218,-0.4104896375396186,0.003070674289896
2020-08-07,96.84733581542967,1.0,TSLA,100.42623367309571,82.07378700256348,98.50201620564356,35.368381260380104,4.195547773666277,5.920388969704414,-1.7248411960381365,0.244279041128867,5.994330814906529,-0.8610113714970062,-0.0247519446804121
2020-08-10,94.5713348388672,1.0,TSLA,100.16460037231445,82.85188034057617,97.89729599537027,37.71749405855472,3.5712078295492944,5.45055274167339,-1.879344912124096,0.1256632414838058,5.778426034109933,-1.3075845086048412,-0.0235009146859759
2020-08-11,91.6259994506836,1.0,TSLA,99.68990020751953,83.48693367004394,96.93248114234154,32.702616439657675,2.806399548012223,4.921722102941157,-2.115322554928934,0.018166775433898205,5.733568464006696,-1.60524532794826,-0.0311440606522255
2020-08-12,103.65066528320312,1.0,TSLA,99.71906700134278,84.3845336151123,97.96604793324332,52.85122517378874,3.1344416212196506,4.564266006596856,-1.4298243853772057,0.7334290087550929,5.744901929582868,-0.2988007307665127,0.1312363947417745
2020-08-13,108.06666564941406,1.0,TSLA,100.12026710510254,85.36858695983886,99.51998912034651,64.54525114720838,3.7080080425902224,4.39301441379553,-0.6850063712053078,0.9312326199195107,5.506283351353237,0.8806681070653065,0.0426046504780761
2020-08-14,110.04733276367188,1.0,TSLA,100.61983375549316,86.41702697753907,101.13958045008887,59.131782146630094,4.2731288770795715,4.369037306452339,-0.09590842937276722,0.9609262586839893,5.091330936976844,1.530795451656052,0.0183281967881143
2020-08-17,122.3759994506836,1.0,TSLA,101.261967086792,87.6836669921875,104.40672183479576,74.59291566047527,5.650674122699471,4.625364669701765,1.0253094529977052,1.274554555648103,5.590712411063061,2.436466204644381,0.1120305815451947
2020-08-18,125.80599975585938,1.0,TSLA,102.32440032958985,88.93322700500488,107.69891843803632,75.55796024284959,6.939170574550161,5.088125850671445,1.851044723878716,1.1716650202193322,5.733283996582034,2.585929025559173,0.0280283741956939
2020-08-19,125.23533630371094,1.0,TSLA,103.27840042114258,90.18370704650879,110.39682887890933,75.86380989203529,7.824074464295421,5.635315573396241,2.18875889089918,1.0427566449628531,5.864474705287392,1.9023628518413034,-0.0045360591168615
2020-08-20,133.45533752441406,1.0,TSLA,104.90760078430176,91.48608039855957,113.94429174744853,84.71424063524711,9.083938583960531,6.325040175509099,2.758898408451432,1.0884139561176707,6.192379542759489,2.216141963324216,0.0656364366744592
2020-08-21,136.6653289794922,1.0,TSLA,107.01753387451171,92.92226692199706,117.4398359369937,84.60021922693069,10.223558638986873,7.104743868204655,3.118814770782218,1.0380404077753016,6.261950356619701,2.335619673495495,0.0240529267290705
2020-08-24,134.27999877929688,1.0,TSLA,108.59953384399414,94.3608268737793,120.03063022042495,81.00374811524154,10.80963281269294,7.845721657102311,2.963911155590628,0.9277718258671414,6.909903390066964,1.5502854164172464,-0.0174538064482562
2020-08-25,134.8893280029297,1.0,TSLA,110.42236671447753,95.73741348266601,122.31658372542569,81.39331563332608,11.194228495827176,8.515423024847284,2.678805470979892,0.8847943664774329,7.0452374049595425,1.6035062152560562,0.0045377511853743
2020-08-26,143.54466247558594,1.0,TSLA,112.60256652832031,97.29880004882813,125.58244199468112,83.76532997924073,12.05843437649095,9.224025295176018,2.8344090813149325,0.9468771059635277,7.533856528145925,1.696299135065024,0.0641661916535625
2020-08-27,149.25,0.0,TSLA,115.10676651000976,98.96141342163087,129.22360476473017,88.10696880659023,13.053227340480007,9.989865704236816,3.06336163624319,0.953528879429986,7.859380449567522,1.904196029294571,0.0397460792064241
2020-08-28,147.55999755859375,0.0,TSLA,117.7155662536621,100.57400009155273,132.0445882714784,88.86433349240185,13.549053800239832,10.701703323437421,2.8473504768024114,0.8817333264059127,8.146570478166852,1.3300184646483049,-0.0113232994399078
2020-08-31,166.10667419433594,0.0,TSLA,121.0708999633789,102.56160018920899,137.28490918268727,94.45404299045623,15.262623620848899,11.613887382919717,3.6487362379291817,1.0166058356884173,9.313951219831194,1.6024283105140573,0.1256890549105465
2020-09-01,158.35000610351562,0.0,TSLA,124.03173370361328,104.4028402709961,140.52569332435317,84.40008076127481,15.81246550016833,12.453603006369441,3.3588624937988882,0.8785876535567096,9.072475433349608,1.1249770407795612,-0.046696908046846
2020-09-02,149.1233367919922,0.0,TSLA,126.53783378601074,106.04960037231446,141.84840770398995,74.34709511391338,15.327023659967523,13.028287137089059,2.298736522878464,0.750735083095255,10.37333243233817,0.6699078198546443,-0.0582675652408364
2020-09-03,135.6666717529297,0.0,TSLA,128.35590057373048,107.48180053710938,140.8973714038268,63.372471897315314,13.698558640626075,13.162341437796464,0.5362172028296115,0.5843956349573151,11.225951603480748,0.2525613392735249,-0.0902384920331604
2020-09-04,139.44000244140625,1.0,TSLA,130.48553390502929,108.95596054077149,140.67316079422363,59.78036761129794,12.567593240044715,13.043391798246116,-0.4757985582014008,0.6094376594671843,11.629523141043524,0.636696424822572,0.0278132472752659
2020-09-08,110.06999969482422,1.0,TSLA,131.26046714782714,109.87770721435547,135.9649821635468,43.04799616831505,9.19538259894972,12.273789958386839,-3.0784073594371186,0.2252766132266976,13.314952305385043,0.033388134317964564,-0.2106282432039079
2020-09-09,122.09333038330078,1.0,TSLA,132.783833694458,110.97377380371094,133.8308818896628,48.73945299785514,7.407672634791382,11.300566493667748,-3.8928938588763664,0.3433691929329065,13.906190054757252,0.33835799452797044,0.1092334943382573
2020-09-10,123.77999877929688,1.0,TSLA,133.7903003692627,112.00962707519531,132.28459218037574,45.90358984616053,6.0571762940653855,10.251888453747277,-4.194712159681892,0.34162290365832676,14.035809653145927,0.7963649303698552,0.0138145825877706
2020-09-11,124.23999786376952,1.0,TSLA,134.59896697998047,113.00158706665039,131.04696228551325,44.61385669057438,4.966762549020729,9.194863272801967,-4.228100723781239,0.3249889793150388,14.113620213099889,1.1795067876026906,0.0037162634432792
2020-09-14,139.8733367919922,1.0,TSLA,136.09026718139648,114.18750717163086,132.40486605574077,52.174816143446684,5.302952463285322,8.416481110898639,-3.1135286476133164,0.5692787999635321,14.279905591692243,1.7458036692957037,0.1258317707423402
2020-09-15,149.9199981689453,0.0,TSLA,137.46746711730958,115.3571337890625,135.09950176546454,55.444684317750465,6.307359685861684,7.994656825891248,-1.687297140029564,0.729168755028549,15.002047402518135,2.209269367582553,0.0718268514026634
2020-09-16,147.25332641601562,0.0,TSLA,138.5398334503174,116.44905364990234,136.9693209424724,51.40434986697878,6.809683726838955,7.75766220608079,-0.9479784792418346,0.6618234761658744,14.857952117919922,1.4661448600671116,-0.017787298462508
2020-09-17,141.14332580566406,0.0,TSLA,139.33523292541503,117.45074676513671,137.61147553680956,46.93964626373239,6.638231758951633,7.533776116654959,-0.8955443577033257,0.5345081804272707,14.932713644845146,0.8002956766562642,-0.0414931245294233
2020-09-18,147.38333129882812,0.0,TSLA,140.03163261413573,118.5393733215332,139.1148379617355,49.935521704481346,6.926032145287195,7.412227322381407,-0.4861951770942117,0.6398710683714884,14.960714612688337,1.3789457188435361,0.0442104184349159
2020-09-21,149.79666137695312,0.0,TSLA,140.68819923400878,119.47577316284179,140.75819541023054,43.25270486939615,7.265103996707808,7.382802657246687,-0.11769866053887945,0.6713368478524968,14.688809531075615,1.9340612984049836,0.016374511668703
2020-09-22,141.41000366210938,0.0,TSLA,141.04469947814943,120.30789321899414,140.8584736028273,43.028422969719244,6.778944244964805,7.262030974790311,-0.48308672982550593,0.5069161793538501,14.684285300118583,1.213432084099074,-0.0559869468234628
2020-09-23,126.7866668701172,1.0,TSLA,140.6395664215088,120.82122650146485,138.69358025933343,41.19841199885087,5.154262937600208,6.840477367352291,-1.6862144297520825,0.24391872183342897,14.0754759652274,0.4253866540995778,-0.1034109073848392
2020-09-24,129.26333618164062,1.0,TSLA,139.9255001068115,121.3451466369629,137.24277347814993,47.23779856398093,4.020195500127272,6.276420993907287,-2.256225493780015,0.30597035937759004,14.142857142857142,1.065507034517066,0.0195341463945935
2020-09-25,135.77999877929688,1.0,TSLA,139.25200004577636,122.05989334106445,137.01773121678792,48.457690361384586,3.6057146608931134,5.742279727304453,-2.1365650664113396,0.4361104576573615,13.308570861816406,1.42416443052006,0.0504138512137659
2020-09-28,140.39999389648438,1.0,TSLA,138.8939998626709,122.86677322387695,137.5380793213566,66.14958429398143,3.608434814307003,5.315510744704963,-1.7070759303979601,0.5279942113280429,11.696665627615792,1.5623941488765658,0.0340255940397897
2020-09-29,139.69000244140625,0.0,TSLA,137.57316627502442,123.46990661621093,137.86914441674884,60.65302970328127,3.512806729376507,4.954969941639272,-1.4421632122627646,0.5447101272859236,11.175474984305245,1.126341049304145,-0.0050569194155491
2020-09-30,143.00332641601562,0.0,TSLA,136.80583229064942,124.23882644653321,138.6590185704822,61.41302161790195,3.662163199506665,4.69640859321275,-1.034245393706085,0.6424421426442354,10.614283425467354,1.2890591427467228,0.023719120314277
2020-10-01,149.3866729736328,0.0,TSLA,136.81899909973146,125.10345321655274,140.30942694019768,63.94867839390651,4.246659154210477,4.606458705412296,-0.35979955120181906,0.7884331535779988,10.56356920514788,1.4384284400897773,0.044637748768495
2020-10-02,138.3633270263672,1.0,TSLA,136.9538318634033,125.85329315185547,140.01002695345454,49.11726307308769,3.7768473718836333,4.440536438706563,-0.66368906682293,0.5323435049542974,10.227379390171595,0.9287471998769679,-0.0737906918190171
2020-10-05,141.89332580566406,1.0,TSLA,137.0764980316162,126.8018263244629,140.29976523840986,44.92068506965137,3.647315566165389,4.281892264198329,-0.6345766980329399,0.6100946687137113,9.661427634102958,1.120019638717207,0.0255125317897579
2020-10-06,137.9933319091797,1.0,TSLA,138.472664642334,127.50889297485351,139.94492934160522,44.23029276227908,3.193155059217389,4.064144823202142,-0.8709897639847526,0.4865384539512248,9.667379651750837,0.7446775540768744,-0.0274853935119243
2020-10-07,141.76666259765625,1.0,TSLA,139.45633125305176,128.3755728149414,140.2251959963823,50.40003650672192,3.101948505456079,3.8717055596529297,-0.7697570541968508,0.57181953560658,9.245713915143694,1.0731863239882993,0.0273442972661894
2020-10-08,141.97332763671875,1.0,TSLA,140.36599769592286,129.21622604370117,140.49413932566483,46.23660547864477,3.011626638753995,3.699689775473143,-0.6880631367191476,0.5561554120420279,8.915475572858538,1.3972393475705835,0.0014577830589765
2020-10-09,144.6666717529297,1.0,TSLA,141.38733139038087,130.12623947143555,141.1360673913979,46.44524186489807,3.121394773670829,3.58403077511268,-0.4626360014418509,0.6340698146599707,7.96452386038644,1.580450312088631,0.0189707754339791
2020-10-12,147.43333435058594,0.0,TSLA,141.76533126831055,131.16722610473633,142.10487769281144,54.526324334997426,3.39252642820594,3.5457299057313323,-0.1532034775253921,0.7267682656558581,7.558571406773159,1.756080365267354,0.0191243951639483
2020-10-13,148.88333129882812,0.0,TSLA,141.7134979248047,132.1648927307129,143.1477167091217,70.70397936188725,3.6819595160552865,3.572975827796123,0.10898368825916327,0.7899757953956751,6.699999673025949,1.8063564774280692,0.0098349328842701
2020-10-14,153.76666259765625,0.0,TSLA,142.0391647338867,133.25755935668946,144.78140069197318,71.96820086337895,4.25631717264082,3.7096440967650626,0.5466730758757574,0.9413494361263878,6.010713849748884,1.9320553888709266,0.0327997181163728
2020-10-15,149.6266632080078,0.0,TSLA,142.4633316040039,134.27006591796874,145.52682569444005,62.96666223706377,4.327551087057657,3.8332254948235818,0.494325592234075,0.7614214353998313,5.959761483328683,1.5117780111420611,-0.0269239074303192
2020-10-16,146.55667114257812,0.0,TSLA,142.4219985961914,135.21509262084962,145.68526345569205,55.937772618586514,4.089144660517377,3.884409327962341,0.20473533255503584,0.6515297461635114,5.873094831194196,1.1065724381639706,-0.0205176804695688
2020-10-19,143.61000061035156,0.0,TSLA,142.11266555786133,136.15034591674805,145.3659922487166,53.6242585394055,3.620697022788079,3.831666866927489,-0.21096984413941033,0.5566621520879237,5.902380807059152,0.6987815749077828,-0.0201060143441705
2020-10-20,140.64666748046875,1.0,TSLA,142.0744987487793,137.07185256958007,144.63994228437076,47.80694355697551,2.976026891439261,3.6605388718298437,-0.6845119803905826,0.4460209146486596,5.850953238351004,0.33391865465079174,-0.0206345875446588
2020-10-21,140.8800048828125,0.0,TSLA,142.77916564941407,138.05693267822267,144.0614903764387,41.0606685966244,2.4556424287011964,3.4195595832041144,-0.9639171545029179,0.41470011852206035,5.656428745814732,0.5978937754330667,0.0016590325709362
2020-10-22,141.92999267578125,0.0,TSLA,143.4124984741211,138.8225192260742,143.73356765326065,54.74206855585252,2.1037089849272945,3.156389463548751,-1.0526804786214563,0.41908976043237095,5.404761178152902,1.0057992324648708,0.007453064711647
2020-10-23,140.2100067138672,0.0,TSLA,143.6339988708496,139.46538604736327,143.1914813548924,47.64877440783506,1.6667969054083756,2.858470951920676,-1.1916740465123006,0.3004715531456869,5.401427132742746,0.4956467712661225,-0.0121185517556048
2020-10-26,140.0933380126953,0.0,TSLA,143.61866607666016,140.06630615234374,142.71484391763133,53.279895749524314,1.2961851301316472,2.5460137875628703,-1.2498286574312232,0.29517249450344896,5.235474722726004,0.055836184075399135,-0.0008320996760948
2020-10-27,141.55999755859375,0.0,TSLA,143.71216583251953,140.44998611450194,142.53717524701017,49.6521567616267,1.1080469209109367,2.2584204142324835,-1.1503734933215468,0.37288396176108274,5.100949968610491,0.2935566126931377,0.0104691598237565
2020-10-28,135.33999633789062,1.0,TSLA,143.3289993286133,140.64066604614257,141.42991695329945,40.7148141946155,0.4518354411416112,1.8971034196143093,-1.445267978472698,0.0684959319538217,5.219521658761161,-0.1700110834854171,-0.0439389751905624
2020-10-29,136.94332885742188,1.0,TSLA,142.70683212280272,140.8748258972168,140.73967263085675,38.8487553915847,0.06046168571637622,1.5297750728347228,-1.4693133871183466,0.18729097634975927,5.299760001046317,0.15824357877133702,0.0118467013663008
2020-10-30,129.34666442871094,1.0,TSLA,142.25599899291993,140.79265243530273,138.98690213821894,27.08225060014354,-0.8528609168155583,1.0532478749046665,-1.9061087917202248,-0.09502160594714444,5.704045431954519,-0.6674548433779577,-0.0554730521894949
2020-11-02,133.50332641601562,1.0,TSLA,141.8364990234375,140.7294123840332,138.14327510403382,31.762822461345166,-1.2271222740363328,0.5971738451164667,-1.8242961191527995,0.13875742494871662,5.862379346575055,-0.21157429662903687,0.0321358266613487
2020-11-03,141.3000030517578,0.0,TSLA,142.0018325805664,140.8698124694824,138.6289255575298,36.172729060531196,-0.8844055741468253,0.30085796126380826,-1.1852635354106336,0.4692073530404261,6.05309350149972,0.3605134150192687,0.0584006170111943
2020-11-04,140.32666015625,0.0,TSLA,141.9298324584961,140.97855911254882,138.89011549579448,38.90566984281159,-0.6834622302949924,0.10399392295204812,-0.7874561532470405,0.42981153553850066,6.041188376290457,-0.516984665918897,-0.0068884846035798
2020-11-05,146.02999877929688,0.0,TSLA,142.132666015625,141.02826583862304,139.98855907787177,49.40885315868617,-0.06327205956640114,0.07054072644835827,-0.1338127860147594,0.6684692869654567,6.086903708321707,0.14594130849561174,0.0406433005438622
2020-11-06,143.31666564941406,0.0,TSLA,142.0651657104492,140.90959915161133,140.50057547349365,49.669021713305035,0.2069047425758015,0.09781352967384692,0.10909121290195457,0.5543171921940797,5.984046391078403,-0.4642804664801015,-0.0185806557047475
2020-11-09,140.4199981689453,0.0,TSLA,141.7144989013672,140.76679916381835,140.4881789651016,49.74385714073873,0.18515064618171095,0.11528095297541974,0.06986969320629122,0.4424984090640324,6.43166514805385,-1.2773970338036864,-0.0202116583395449
2020-11-10,136.7866668701172,1.0,TSLA,141.10966567993165,140.180399017334,139.91871556587324,45.70448518224246,-0.12384153461681535,0.06745645545697272,-0.19129799007378806,0.302233417971852,6.75380870274135,-1.809908772883363,-0.0258747425310226
2020-11-11,139.0433349609375,1.0,TSLA,140.3734992980957,139.79426559448243,139.78404162665237,47.04558771534196,-0.1844990190560054,0.0170653605543771,-0.2015643796103825,0.42758250633316197,6.414522988455635,-1.4008108820482268,0.0164977197153513
2020-11-12,137.25332641601562,1.0,TSLA,139.75483245849608,139.5568653869629,139.39470082501595,46.97825272647939,-0.37271284071519517,-0.060890279699537364,-0.3118225610156578,0.3469198918038356,6.297142573765345,-1.87917479831263,-0.01287374576728
2020-11-13,136.1666717529297,1.0,TSLA,139.23533248901367,139.5668653869629,138.8980809677719,46.064939553062715,-0.6026110747887401,-0.16923443871737792,-0.4333766360713622,0.29955380910486556,6.180713653564452,-2.1356636579931574,-0.0079171462831602
2020-11-16,136.02999877929688,1.0,TSLA,138.85633239746093,139.4986653137207,138.45683755416036,44.3064077460027,-0.7867660985288865,-0.29274077067967963,-0.49402532784920683,0.3113625043241445,6.132142748151506,-2.3205241334990068,-0.0010037182511209
2020-11-17,147.20333862304688,1.0,TSLA,139.18416595458984,140.24133209228515,139.80245310321982,61.083777410920746,-0.030760547273700922,-0.2403447259984839,0.20958417872478297,0.9803975171665031,6.970952170235769,-0.764148002540156,0.0821387925017795
2020-11-18,162.2133331298828,1.0,TSLA,140.25083236694337,141.0437321472168,143.2502807996295,68.87980977174753,1.7592805210330766,0.1595803234078282,1.5997001976252485,1.3279375619392102,7.979284558977398,1.086900334394366,0.1019677586611877
2020-11-19,166.42333984375,1.0,TSLA,141.4754997253418,141.89659896850586,146.81536680641727,79.1773706687967,3.4775265600316914,0.823169570732601,2.6543569892990906,1.2048208725428802,7.747142246791294,2.2944682726930377,0.0259535183245156
2020-11-20,163.20333862304688,1.0,TSLA,142.6251663208008,142.6758657836914,149.3365932397449,73.72204060103019,4.527234595088117,1.5639825756037045,2.963252019484413,1.0101952883660994,7.616189139229911,1.462700445199326,-0.0193482550207578
2020-11-23,173.9499969482422,1.0,TSLA,144.31799926757813,143.3573989868164,153.12327073335987,74.90464132428096,6.155346288437499,2.4822553181704636,3.673090970267036,1.1049269195237585,7.8335691179547995,2.0717346724017904,0.0658482750160953
2020-11-24,185.1266632080078,1.0,TSLA,146.49633255004883,144.06153228759766,158.0468695756134,79.56965465898261,8.252371888981003,3.6362786323325715,4.616093256648432,1.1337485750896001,8.305950709751674,2.3996007750528223,0.0642521785331859
2020-11-25,191.3333282470703,1.0,TSLA,149.2959991455078,144.94313232421874,163.16786321737604,79.70450362046896,10.296415118859358,4.968305929637929,5.328109189221428,1.0845481028773216,8.534759521484375,2.4305416703143012,0.0335265862383566
2020-11-27,195.2533264160156,1.0,TSLA,152.2114990234375,146.02533233642578,168.10408832485905,83.52338368884756,12.093241832453572,6.393293110201058,5.699948722252514,1.0266817385267681,8.795950753348214,2.3041261100397468,0.0204877958527087
2020-11-30,189.1999969482422,1.0,TSLA,155.20416564941405,146.86166564941405,171.34961272845644,80.25304002337842,12.880310646729725,7.6906966175067915,5.189614029222934,0.8995467753586792,9.314760480608257,1.4649657131257587,-0.0310024396453861
2020-12-01,194.9199981689453,1.0,TSLA,158.27499923706054,147.7641323852539,174.97582587314702,85.14428448503618,13.806472229404108,8.913851739886255,4.892620489517853,0.9093831595868277,9.43428475516183,1.618152555684072,0.0302325650790993
2020-12-02,189.606674194336,1.0,TSLA,160.69033279418946,148.72806579589843,177.2267256148684,79.4784172821869,13.950903782192654,9.921262148347534,4.02964163384512,0.8136732735334735,10.272617885044644,1.0832965502281788,-0.027258998689319
2020-12-03,197.7933349609375,1.0,TSLA,163.56366653442382,150.14819915771486,180.39081936041748,82.84506629031847,14.558144703426052,10.848638659363237,3.709506044062815,0.8574657080435221,10.66952187674386,1.3011588648462735,0.0431770706457868
2020-12-04,199.67999267578125,1.0,TSLA,166.24616622924805,151.55653228759766,183.35838448585807,84.16164865874133,15.018501086734062,11.682611144837402,3.33588994189666,0.8362321905126142,10.733093261718748,1.378929803944409,0.0095385302806909
2020-12-07,213.9199981689453,0.0,TSLA,169.7763328552246,153.11933227539063,188.06017120633302,86.37567357291054,16.343983009444457,12.614885517758815,3.7290974916856428,0.9180721456246234,11.718570164271764,1.5960191000256123,0.0713141326897253
2020-12-08,216.6266632080078,0.0,TSLA,173.58666610717773,154.6438656616211,192.4550161296676,85.20572753403212,17.412126080103548,13.574333630227763,3.837792449875785,0.8924568086635246,11.215474809919085,1.7874677902512195,0.012652697560912
2020-12-09,201.4933319091797,1.0,TSLA,176.82199935913087,155.87993225097657,193.84552624959255,69.89465682552797,16.84334421042732,14.228135746267675,2.615208464159643,0.7314114531844059,11.499523707798554,1.1726119361564982,-0.0698590426253157
2020-12-10,209.02333068847656,1.0,TSLA,180.3209991455078,157.2003323364258,196.18057308634394,70.87417012359717,16.806454110192703,14.743799419052682,2.062654691140022,0.7757885474101806,12.438571384974892,1.4628908045977647,0.0373709576785941
2020-12-11,203.3300018310547,1.0,TSLA,183.62483291625978,158.27919891357422,197.28048520091482,69.19691890495832,16.131856383659624,15.021410811974071,1.1104455716855526,0.7018378934114557,12.839285714285714,1.0498346120606115,-0.0272377673758681
2020-12-14,213.27667236328125,1.0,TSLA,187.48033294677734,159.7774658203125,199.74143707204811,68.95932075466149,16.212953177309487,15.259719285041156,0.9532338922683312,0.7861889844563196,12.752857753208705,1.3113289404605182,0.0489188533057269
2020-12-15,211.0833282470703,1.0,TSLA,191.232999420166,161.16126586914064,201.48634340666692,63.700343286582466,15.916759930274111,15.391127414087746,0.5256325161863646,0.7535854728301038,12.394762311662939,0.9394553578938372,-0.0102840319661164
2020-12-16,207.58999633789065,1.0,TSLA,194.2523323059082,162.55319915771486,202.4253669345475,58.83354727702282,15.224641764710412,15.35783028421228,-0.13318851950186783,0.6973666485326092,12.385713849748877,0.521186850049077,-0.0165495396447925
2020-12-17,218.63333129882807,1.0,TSLA,197.07333221435547,164.0905325317383,204.9188999136676,61.79141044240646,15.389833549090412,15.364230937187909,0.025602611902503014,0.8379938675150377,12.731904166085375,0.9993187141357276,0.0531978185642547
2020-12-18,231.6666717529297,0.0,TSLA,200.33549880981445,165.8843994140625,209.03394173509253,70.00879982975496,16.383571267674427,15.568099003285214,0.8154722643892125,0.9889321375357127,13.045475551060264,2.63271331344074,0.0596127789695875
2020-12-21,216.6199951171875,1.0,TSLA,203.00633163452147,167.32346588134766,210.20102687079947,59.39827751125345,15.775128651546595,15.60950493293749,0.16562371860910474,0.7465680195180038,13.490236554826998,1.9088000077984713,-0.0649496818937741
2020-12-22,213.44667053222656,1.0,TSLA,204.9811653137207,168.64373260498047,210.70035666486518,60.5201203501477,14.865512348354997,15.460706416020992,-0.5951940676659948,0.6741278748556996,13.302141462053559,1.329569307891382,-0.0146492690263622
2020-12-23,215.32666015625,1.0,TSLA,206.4911651611328,169.9725991821289,211.4120956635398,58.193142614632016,14.133413136678513,15.195247760152498,-1.0618346234739846,0.6935755446364203,13.27309526715959,1.4718840136002822,0.0088077720741002
